"","X","Longitude","Latitude","wkd_day_value","wnd_day_value","wkd_night_value","wnd_night_value","radiation","nightlight_450","nightlight_4950","nightlight_3150","nightlight_900","elevation","industry_1000","industry_100","industry_25","industry_3000","industry_300","industry_5000","industry_500","industry_50","population_1000","population_3000","population_5000","road_class_1_1000","road_class_1_100","road_class_1_25","road_class_1_3000","road_class_1_300","road_class_1_5000","road_class_1_500","road_class_1_50","road_class_2_1000","road_class_2_100","road_class_2_25","road_class_2_3000","road_class_2_300","road_class_2_5000","road_class_2_500","road_class_2_50","road_class_3_1000","road_class_3_100","road_class_3_25","road_class_3_3000","road_class_3_300","road_class_3_5000","road_class_3_500","road_class_3_50","temperature_2m_10","temperature_2m_11","temperature_2m_12","temperature_2m_1","temperature_2m_2","temperature_2m_3","temperature_2m_4","temperature_2m_5","temperature_2m_6","temperature_2m_7","temperature_2m_8","temperature_2m_9","trop_mean_filt","wind_speed_10m_10","wind_speed_10m_11","wind_speed_10m_12","wind_speed_10m_1","wind_speed_10m_2","wind_speed_10m_3","wind_speed_10m_4","wind_speed_10m_5","wind_speed_10m_6","wind_speed_10m_7","wind_speed_10m_8","wind_speed_10m_9","mean_value","Countrycode","AirQualityStation","Altitude","MeasurementType","AirQualityStationType","AirQualityStationArea","EquivalenceDemonstrated","MeasurementEquipment","InletHeight","BuildingDistance","KerbDistance","rf10f_pre","xgb10f_pre","lasso10f_pre","rf_all_pre","xgb_all_pre","lasso_all_pre","urbantype","urbantype_chara","Bui_500","Bui_200","rooftotal","ID","svfmin5m"
"1",1,3.749458,51.295278,15.4864469273743,11.5260994397759,16.8070457902511,15.5874046740467,2.960464,1.089349,2.481067,0.573704,0.910668,1.253298,0,0,0,1530,0,359295,0,0,440.064819,3312.588867,8206.84375,0,0,0,10792.987305,0,31741.976562,0,0,0,0,0,0,0,130.558716,0,0,0,0,0,28314.40625,0,60863.476562,0,0,14.027731,7.809545,5.151045,2.037839,6.037295,9.130181,9.150001,15.245857,19.155416,18.698936,18.227871,14.704933,636.164856,4.381548,3.558765,4.437889,3.326515,4.202672,4.15639,3.288325,3.347359,3.915079,3.473112,2.966664,3.397882,15.0561383491522,"NL","STA-NL00318",5,"automatic","background","rural","ref","http://dd.eionet.europa.eu/vocabulary/aq/measurementequipment/thermo43w",4,-999,-999,13.7629892066123,15.3853845596313,13.7629892066123,15.7176662650108,15.3200588226318,13.713334253954,2,"suburban",0.0141111998442382,0.0716973607853329,90.29,"B1",0.922045340553415
"2",2,3.916947,51.635556,14.6973273441886,10.6940247252747,16.8982727725236,15.578925120773,2.998879,3.230887,0.776905,1.807236,3.27938,-0.690162,237915,0,0,380205,18615,380205,73440,0,492.45871,3886.029297,5170.12207,0,0,0,0,0,0,0,0,1412.684082,0,0,11440.245117,0,18217.822266,0,0,5352.03125,0,0,62689.738281,374.136292,75216.851562,1569.326172,0,14.187791,8.581119,5.733756,2.725401,5.673937,8.658687,8.940303,14.566033,18.322552,18.35111,18.095675,14.847655,569.917786,6.320674,5.187909,6.136888,4.650394,5.707218,5.266993,4.387266,4.219216,4.981627,4.430753,4.049176,4.611426,14.5427898308166,"NL","STA-NL00301",-1,"automatic","background","rural","ref","http://dd.eionet.europa.eu/vocabulary/aq/measurementequipment/undetermined",4,-999,-999,12.3954611189794,15.6851711273193,12.3954611189794,15.1599197926521,15.0738391876221,13.0631135714677,2,"suburban",0.315080726435635,0.435662433928537,2262.56,"B2",0.800869362262631
"3",3,4.121389,51.978056,28.5770639616792,23.2646239554318,30.6000982800982,29.1842041312272,3.003269,15.185451,51.658539,49.109848,15.834966,1.97367,0,0,0,847620,0,4416600,0,0,3102.089111,23252.75,61342.878906,0,0,0,0,0,9744.513672,0,0,1869.710938,0,0,8812.506836,110.547173,18873.056641,1222.38916,0,12614.074219,0,0,38824.152344,465.240356,77248.414062,2501.188477,0,14.174484,8.695239,5.846949,2.782228,5.449903,8.447304,8.852376,14.382033,18.004015,18.194321,17.990791,14.828413,691.515625,6.540446,5.317981,6.207231,4.730088,5.77233,5.198254,4.464532,4.205428,4.968825,4.396253,4.097217,4.636786,28.104668338165,"NL","STA-NL00496",0,"automatic","industrial","rural","ref","http://dd.eionet.europa.eu/vocabulary/aq/measurementequipment/API100E",3,-999,-999,17.1630665874644,17.1536064147949,17.1630665874644,24.8652554607391,26.4748344421387,17.1003742856777,3,"urban",0.000285071317243885,0.00016531813072724,12.25,"B3",1
"4",4,4.227778,51.931944,31.3352681039249,25.1350340136054,33.0907077515648,31.8770238095238,2.983356,31.591223,108.899269,105.218941,41.687683,7.877421,15045,0,0,1602675,0,3731925,0,0,6142.983398,36911.640625,79492.710938,0,0,0,11797.124023,0,46626.230469,0,0,0,0,0,0,0,25224.466797,0,0,13942.574219,441.553955,91.946823,82291.882812,2672.11499,164851.234375,4714.199707,146.376831,14.083884,8.413713,5.591522,2.462384,5.440697,8.469668,8.80668,14.555529,18.184504,18.254551,17.958282,14.665065,698.576111,5.915279,4.725876,5.62497,4.246189,5.293065,4.822597,4.105578,3.904168,4.626059,4.042036,3.742742,4.212022,30.6238287366925,"NL","STA-NL00495",0,"automatic","industrial","urban","ref","http://dd.eionet.europa.eu/vocabulary/aq/measurementequipment/undetermined",3,-999,-999,24.2839533705182,25.739465713501,24.2839533705182,28.7845633811951,30.2109241485596,24.6984179260959,3,"urban",0.390654912378176,0.343071720829562,1647.58,"B4",0.490642782834524
"5",5,4.289172,52.078056,23.6777397454031,19.9013578500707,26.0162354134957,26.6683984867591,2.988282,31.661768,24.22106,32.607677,34.17395,6.16568,11730,255,0,194055,7395,931005,8415,0,19552.472656,152638.75,322745,0,0,0,3832.431641,0,10873.864258,0,0,6303.990234,0,0,47392.144531,965.71051,83554.546875,1961.708984,0,60375.496094,761.351074,90.651947,440915.1875,4427.856445,903282.8125,13613.546875,196.531113,14.038208,8.37265,5.562256,2.3685,5.240417,8.300415,8.696289,14.410004,17.920044,18.098816,17.827393,14.58667,617.689026,6.080163,4.817459,5.645605,4.320222,5.371153,4.815842,4.214552,3.92483,4.629953,4.040438,3.776271,4.228816,23.80003823311,"NL","STA-NL00404",2,"automatic","background","urban","ref","http://dd.eionet.europa.eu/vocabulary/aq/measurementequipment/undetermined",3,-999,-999,40.9341949938095,26.571985244751,40.9341949938095,27.9806135139465,23.9737548828125,40.9833892509296,3,"urban",0.216663560913355,0.177343235460787,943.59,"B5",0.882461752191529
"6",6,4.316125,52.075,36.301097832129,30.7588826025459,30.6981079691517,32.1700256739409,2.980792,64.160179,27.444309,33.721405,59.249641,5.541442,4335,0,0,400860,0,1519800,0,0,19461.841797,145096.109375,330798.125,0,0,0,10364.708984,0,56493.007812,0,0,3393.403076,0,0,47594.074219,0,94313.085938,0,0,49984.414062,711.195862,124.243958,425772.5,5404.715332,953284.375,12862.296875,219.920532,14.038208,8.37265,5.562256,2.3685,5.240417,8.300415,8.696289,14.410004,17.920044,18.098816,17.827393,14.58667,621.717102,6.080163,4.817459,5.645605,4.320222,5.371153,4.815842,4.214552,3.92483,4.629953,4.040438,3.776271,4.228816,33.5179571392911,"NL","STA-NL00445",4,"automatic","traffic","urban","ref","http://dd.eionet.europa.eu/vocabulary/aq/measurementequipment/andersenFH62IR",3,6,1,44.8521060193418,33.5810546875,44.8521060193418,34.1657530002594,33.2481880187988,44.5315788651318,3,"urban",0.00951602628553373,0.0273043500927763,44.55,"B6",1
"7",7,4.326953,51.911389,36.0099806843267,25.5526802721088,35.1336372501219,33.010205811138,2.925128,25.483059,29.945827,25.467686,24.533329,3.111895,126480,0,0,1738590,0,6135300,255,0,10618.644531,52978.027344,146503.875,3735.988281,0,0,22206.880859,0,85013.84375,0,0,0,0,0,0,0,198.242676,0,0,42565.746094,481.260193,77.84462,134134.921875,4605.375977,284990.8125,13432.260742,203.683197,13.965834,8.090379,5.332485,2.123844,5.394458,8.482115,8.766945,14.722016,18.338703,18.278593,17.938408,14.509159,700.017639,5.318415,4.165634,5.054909,3.789786,4.844625,4.454098,3.760812,3.617185,4.276114,3.680569,3.393606,3.803319,33.5237678954566,"NL","STA-NL00433",-1,"automatic","traffic","urban","ref","http://dd.eionet.europa.eu/vocabulary/aq/measurementequipment/undetermined",3,3,3,30.7037181876212,28.2535228729248,30.7037181876212,32.4363132276535,33.3109092712402,31.0524186975611,3,"urban",0.327609767132586,0.367109268946722,3577.83,"B7",0.532903561380796
"8",8,4.35527754,51.86610794,28.0764153548743,21.2475510204082,27.8346153846154,25.5435714285714,2.914397,28.247986,30.990351,33.11982,29.391712,4.118045,1275,0,0,2503845,0,7319520,0,0,7604.581543,59320.914062,159878.65625,38.2052,0,0,42043.085938,0,72758.0625,0,0,3732.609375,0,0,11045.004883,144.447342,24065.431641,1703.744385,0,24568.261719,0,0,110291.242188,2283.377441,295246.84375,8241.416992,0,13.931131,7.995257,5.256382,2.024405,5.380963,8.486064,8.7556,14.771219,18.384262,18.285776,17.932806,14.463459,682.070557,5.142654,4.000917,4.887222,3.655586,4.712663,4.345725,3.659393,3.532868,4.173187,3.574309,3.290956,3.68317,26.4768846385998,"NL","STA-NL00485",1,"automatic","industrial","urban","ref","http://dd.eionet.europa.eu/vocabulary/aq/measurementequipment/API100E",3,-999,-999,26.9302906310516,25.3536891937256,26.9302906310516,26.6891223707199,26.2443618774414,26.5418330885045,3,"urban",0.416060441818411,0.565221480499199,3930.01,"B8",0.984848532538298
"9",9,4.360286,51.435,18.4743059805285,13.8039319727891,18.8791164658635,17.9906180469716,2.908548,5.795035,1.863462,3.095471,6.047546,17.490393,37740,0,0,181815,0,289425,0,0,910.610413,7357.052734,14482.106445,0,0,0,0,0,12575.552734,0,0,0,0,0,6560.641113,0,10889.712891,0,0,2620.393066,0,0,52288.96875,22.413157,102944.9375,178.956116,0,13.820949,7.426363,4.884685,1.651892,5.791596,8.84941,8.801686,15.275191,19.13636,18.521713,18.155283,14.407513,679.797058,4.387819,3.495,4.385399,3.26332,4.210354,4.061991,3.235762,3.252534,3.830123,3.299844,2.892608,3.352313,17.635028862843,"NL","STA-NL00235",18,"automatic","background","rural","ref","http://dd.eionet.europa.eu/vocabulary/aq/measurementequipment/andersenFH62IR",3,-999,-999,15.0317473222983,18.4423675537109,15.0317473222983,17.6303604927063,18.11643409729,14.2509969440771,2,"suburban",0.443108018648162,0.48374567815183,7957.14,"B9",0.724808014824259
"10",10,4.360564,52.039722,27.3104966887418,21.279278779473,28.0080512820514,26.7212066752246,2.947209,35.110367,48.326908,32.087975,32.973431,0.213533,141270,1785,0,1159995,40545,2474010,113730,0,12157.306641,77009.453125,245327.65625,11602.306641,0,0,54286.882812,0,96745.46875,0,0,0,0,0,2880.264648,0,40107.804688,0,0,31933.105469,567.732605,68.010155,240385.9375,4393.72168,790462.25,11625.363281,140.887527,14.026112,8.322093,5.518636,2.321773,5.269849,8.338956,8.712271,14.466214,17.988701,18.126154,17.846529,14.571224,653.166626,5.925086,4.680709,5.519197,4.208791,5.263021,4.738793,4.121077,3.857999,4.553001,3.959929,3.693894,4.138081,26.2716548460008,"NL","STA-NL00446",-2,"automatic","background","suburban","ref","http://dd.eionet.europa.eu/vocabulary/aq/measurementequipment/undetermined",3,-999,-999,35.5280450406924,36.821159362793,35.5280450406924,30.0513768386841,26.9469108581543,34.449831535337,3,"urban",0.332885229884584,0.440817985979963,6710.42,"B10",0.567865868069519
"11",11,4.401389,51.921111,32.0517810599478,23.9381791483113,32.9812278031456,31.2841168996188,2.890478,40.733612,32.288898,31.669233,38.205795,5.95855,208845,0,0,3216060,0,6479295,0,0,13083.150391,80490.617188,183563.875,5866.783203,0,0,46825.925781,0,85294.289062,215.594803,0,0,0,0,1135.281494,0,16764.816406,0,0,30942.337891,979.108643,31.938206,207265.171875,5662.296875,520733.0625,12004.908203,191.991547,13.895787,7.903017,5.18268,1.92672,5.366302,8.485989,8.742904,14.811716,18.419867,18.289766,17.924931,14.420329,690.975586,4.984532,3.858208,4.739724,3.539002,4.59613,4.250682,3.569631,3.459891,4.081281,3.480659,3.200596,3.578919,30.6545190479852,"NL","STA-NL00494",3,"automatic","background","urban","ref","http://dd.eionet.europa.eu/vocabulary/aq/measurementequipment/API100E",3,-999,-999,36.6245473125751,36.8813247680664,36.6245473125751,32.1293854084015,31.149923324585,37.0214235320033,3,"urban",0.00293831319393046,0,0,"B11",1
"12",12,4.431111,51.938056,40.4343543046357,29.93231292517,37.4605288461539,35.5323809523809,2.892714,24.238953,26.79558,26.386477,26.084949,2.840696,92820,0,0,1928310,6375,3959385,14535,0,7521.097168,62176.007812,159610.3125,10141.839844,367.458069,72.122757,34136.789062,1379.891113,67263.21875,2794.318115,175.936859,563.357239,0,0,14742.488281,0,35716.667969,0,0,38128.367188,441.65564,41.849705,223737.5625,4022.281494,592294.6875,12006.574219,98.35054,13.881026,7.867388,5.153878,1.887191,5.357082,8.482149,8.735952,14.821726,18.424896,18.287291,17.918697,14.403033,687.426697,4.930758,3.811156,4.688855,3.500392,4.556754,4.217846,3.540052,3.435337,4.048807,3.447886,3.16971,3.543744,37.2590571848842,"NL","STA-NL00491",0,"automatic","traffic","urban","ref","http://dd.eionet.europa.eu/vocabulary/aq/measurementequipment/BAM1020",3,27,3,33.6452244666478,32.7422256469727,33.6452244666478,35.8065426387787,36.7464790344238,33.8975726419002,3,"urban",0.0200481585402354,0.0602113002926793,60.81,"B12",1
"13",13,4.45084143,51.78749847,19.1511604664076,13.656067961165,20.5510534274193,17.656243718593,2.945869,2.097296,3.625221,2.700546,2.310057,0.473473,30600,0,0,66555,0,728790,0,0,575.486633,7244.086914,27711.658203,547.322998,0,0,13421.128906,0,27769.839844,0,0,0,0,0,2297.846436,0,14884.40625,0,0,4059.094238,0,0,41981.644531,141.905975,128425.960938,822.885376,0,13.81706,7.683803,5.019895,1.734976,5.413476,8.524087,8.696323,14.909726,18.558702,18.295895,17.906834,14.335736,668.850342,4.659071,3.60485,4.491637,3.334902,4.376619,4.099631,3.38567,3.334824,3.927612,3.329554,3.03651,3.408318,18.2954110039533,"NL","STA-NL00437",-1,"automatic","background","rural","ref","http://dd.eionet.europa.eu/vocabulary/aq/measurementequipment/andersenFH62IR",3,-999,-999,14.2251021176333,18.6422080993652,14.2251021176333,18.2113852901459,18.6831455230713,14.424677838378,2,"suburban",0.0149151307285024,0.0229792772481292,22.22,"B13",0.946374970834441
"14",14,4.461667,51.926944,48.9234201773836,38.0527045769764,40.2101833976834,39.2966101694915,2.878923,41.695282,29.350197,35.605614,40.914238,3.714035,3315,0,0,831555,2040,4142730,3315,0,8921.310547,70503.148438,171525.9375,143.95433,0,0,26772.740234,0,54346.449219,0,0,4397.154297,347.531494,26.208359,20130.001953,1139.474243,46797.625,2267.769531,80.194672,53498.320312,998.030457,77.440941,401415.5625,6465.899414,773510.125,14436.209961,221.118164,13.860808,7.815418,5.112766,1.832902,5.351068,8.482664,8.729436,14.844162,18.446539,18.291073,17.915413,14.380356,677.389709,4.844626,3.73686,4.612236,3.439575,4.494985,4.168795,3.491539,3.397906,4.000583,3.399544,3.122433,3.490128,43.8613884480544,"NL","STA-NL00493",0,"automatic","traffic","urban","ref","http://dd.eionet.europa.eu/vocabulary/aq/measurementequipment/undetermined",3,9,2,42.9175116657686,34.5852470397949,42.9175116657686,41.5903740005493,43.2907981872559,44.4026648896069,3,"urban",0.267389393546037,0.160955930723498,47.68,"B14",0.74785156431083
"15",15,4.480289,51.915,32.8563143331487,24.4476597222222,32.2112463485881,32.4030891330891,2.868883,72.526657,32.061462,35.677189,67.316032,6.4571,0,0,0,348330,0,3789300,0,0,7720.691406,68352.921875,177076.90625,0,0,0,12049.003906,0,77977.453125,0,0,4076.102539,0,0,22072.820312,25.13953,47047.417969,1754.178955,0,46294.105469,748.261536,25.001644,444277.3125,5844.774414,851745.375,15643.337891,131.036438,13.850062,7.788506,5.091286,1.804079,5.346386,8.481642,8.725298,14.854131,18.454733,18.291475,17.912489,14.368075,671.567505,4.801643,3.699578,4.573069,3.409029,4.46391,4.143636,3.467546,3.378862,3.97579,3.374624,3.098418,3.462848,31.0579139156902,"NL","STA-NL00418",3,"automatic","background","urban","ref","http://dd.eionet.europa.eu/vocabulary/aq/measurementequipment/undetermined",3,-999,-999,37.2851659281423,34.2499542236328,37.2851659281423,32.1772501525879,31.1508655548096,36.7374200212665,3,"urban",0.177942188727493,0.18045084303487,4911.71,"B15",0.86540185503823
"16",16,4.48111105,51.89111328,45.8529950083194,37.0389380530974,35.8126984126984,33.2815476190476,2.871824,30.488323,33.763676,34.110363,30.273624,5.010172,76500,0,0,919785,0,4418895,22695,0,7972.156738,61809.871094,174585.9375,2133.421387,0,0,8484.404297,29.114676,83893.984375,492.428284,0,6605.775391,371.324799,127.531685,22858.277344,1300.583496,47187.152344,2489.973877,185.647461,54302.363281,770.122314,90.676483,349289.25,7239.32666,812196.25,18688.234375,212.310791,13.849641,7.78745,5.090444,1.802948,5.346203,8.481602,8.725136,14.854521,18.455055,18.291491,17.912374,14.367594,669.098572,4.799957,3.698116,4.571533,3.407831,4.462691,4.14265,3.466605,3.378115,3.974818,3.373646,3.097477,3.461779,40.5862995046272,"NL","STA-NL00487",0,"automatic","traffic","urban","ref","http://dd.eionet.europa.eu/vocabulary/aq/measurementequipment/undetermined",3,15,2,44.1919699925645,39.3436698913574,44.1919699925645,40.9431026859283,40.5159530639648,44.6046658198951,3,"urban",0.0509970098538733,0.125863541752661,4708.36,"B16",0.798638874047523
"17",17,4.48749971,51.89389038,29.4812969663235,23.0357836338419,28.6269379844961,26.457281553398,2.870884,31.168879,33.077328,32.569534,31.070393,4.126565,77010,0,0,756585,4335,3795165,25755,0,8095.754883,61986.890625,176376.234375,876.39563,0,0,8665.792969,0,90106.460938,0,0,5733.716309,0,0,24357.755859,0,46099.769531,917.734863,0,58315.210938,502.689636,0,362755.84375,6472.503906,847025,15502.787109,45.722263,13.845848,7.777952,5.082862,1.792775,5.344551,8.481241,8.723676,14.85804,18.457947,18.291634,17.911343,14.363259,668.177124,4.784787,3.684958,4.557709,3.397049,4.451724,4.13377,3.458138,3.371394,3.966067,3.364851,3.089001,3.452151,27.7621598679942,"NL","STA-NL00488",0,"automatic","background","urban","ref","http://dd.eionet.europa.eu/vocabulary/aq/measurementequipment/BAM1020",3,-999,-999,34.9191809018763,34.2556953430176,34.9191809018763,29.5859553985596,28.4347991943359,34.5600056687177,3,"urban",0.286170033112589,0.223065572369506,NA,"B17",0.79918586741932
"18",18,4.510286,52.298056,14.5438901220866,10.9718707482993,15.424560546875,14.483285198556,2.992701,0.679495,2.478141,1.630196,0.891298,4.071624,0,0,0,85170,0,244800,0,0,306.152588,6725.953125,26633.671875,0,0,0,0,0,0,0,0,0,0,0,8420.268555,0,21475.515625,0,0,3071.63501,0,0,25278.183594,0,90419.492188,653.788879,0,14.13208,8.764112,5.88167,2.787339,5.088434,8.117249,8.684128,14.062593,17.532236,17.921747,17.816704,14.80622,593.272827,7.365203,6.010277,6.772141,5.23046,6.368244,5.513308,5.045282,4.530669,5.358509,4.714606,4.494425,5.038278,14.0674170164548,"NL","STA-NL00444",4,"automatic","background","rural","ref","http://dd.eionet.europa.eu/vocabulary/aq/measurementequipment/thermo43w",4,-999,-999,12.5062116956819,15.3340196609497,12.5062116956819,14.5658174233437,14.4939727783203,12.5613823180835,2,"suburban",0.252663873206158,0.248445970862265,NA,"B18",1
"19",19,4.513889,51.652778,18.9024395047833,13.105697758496,20.429653092006,17.4817490494297,2.928369,1.007238,4.26175,2.220249,0.985794,1.454404,0,0,0,109140,0,2847585,0,0,187.82988,3414.76416,11105.457031,0,0,0,18100.267578,0,40448.300781,0,0,0,0,0,0,0,1896.865723,0,0,3170.013672,0,0,39872.835938,843.844055,98409.046875,1553.133789,0,13.804028,7.483669,4.886459,1.629421,5.595303,8.673687,8.725655,15.163895,18.940853,18.401943,18.06332,14.355121,673.614624,4.499702,3.539553,4.425081,3.289823,4.290405,4.081439,3.297206,3.28747,3.882767,3.289142,2.960334,3.380538,18.0266166495574,"NL","STA-NL00246",1,"automatic","background","rural","ref","http://dd.eionet.europa.eu/vocabulary/aq/measurementequipment/andersenFH62IR",3,-999,-999,15.293782547875,16.3929958343506,15.293782547875,17.7663670873642,17.896068572998,15.1803684401826,1,"rural",0.00788914621495216,0.000506381499900777,-7.05,"B19",1
"20",20,4.57472229,51.86888885,42.9251659292036,30.4680272108843,36.0051923076923,30.9233333333333,2.884641,51.990955,18.609388,21.25992,46.462193,-0.487388,28815,0,0,1392555,0,3073515,0,0,3876.730225,49713.449219,129036.390625,22668.818359,123.275177,0,58890.535156,2841.865479,111536.390625,6534.614258,0,0,0,0,32.688122,0,10431.598633,0,0,7942.541016,118.269127,26.64077,191692.734375,1334.751343,490730.84375,2131.062988,62.159561,13.784901,7.649024,4.976083,1.651852,5.310801,8.45107,8.682707,14.870918,18.463875,18.276241,17.874136,14.298595,644.011169,4.628313,3.559155,4.422048,3.293458,4.342627,4.046681,3.373139,3.306728,3.875768,3.277449,3.00505,3.359387,37.761733159081,"NL","STA-NL00489",0,"automatic","traffic","urban","ref","http://dd.eionet.europa.eu/vocabulary/aq/measurementequipment/undetermined",3,100,100,27.3089668550626,26.7368030548096,27.3089668550626,34.1089139213562,36.7870254516602,28.53356035389,3,"urban",0.0662593782940456,0.00545317427783666,15.37,"B20",1.01897867364292
"21",21,4.601922,52.463014,28.8252462707572,23.5069482288829,25.6964774951076,23.2428571428571,2.965518,21.747063,13.814868,23.224112,24.862772,3.759854,79815,0,0,3112530,0,4585665,11475,0,4523.410156,34488.921875,68777.945312,0,0,0,0,0,26476.78125,0,0,0,0,0,0,0,19869.976562,0,0,23857.150391,457.923218,50.898407,72585.765625,3174.610107,170712.3125,6451.119629,177.134323,14.068481,8.769836,5.855469,2.796631,4.934082,7.985077,8.590454,13.828766,17.198425,17.742035,17.672821,14.754883,551.850586,7.436559,6.072813,6.780634,5.229815,6.439229,5.467525,5.09497,4.570716,5.34714,4.701925,4.502548,5.014073,26.5356360659217,"NL","STA-NL00551",1,"automatic","industrial","urban","ref","http://dd.eionet.europa.eu/vocabulary/aq/measurementequipment/undetermined",4,-999,-999,21.9011821002106,20.8153877258301,21.9011821002106,25.1602110538483,25.7483463287354,22.3518463572753,3,"urban",0.390139981438872,0.57084969117522,12.25,"B21",0.908244344159018
"22",22,4.603333,52.493889,18.5060511363636,15.871565934066,21.204377766847,20.672705601907,2.964478,30.15247,15.350424,22.878799,29.311232,8.471406,394485,0,0,3099015,9435,4363305,61455,0,4416.48291,27493.570312,70934.96875,0,0,0,0,0,8977.429688,0,0,0,0,0,4014.477051,0,9708.232422,0,0,7974.416016,56.599049,0,26547.53125,1390.607178,210931.40625,3098.354248,0,14.068481,8.769836,5.855469,2.796631,4.934082,7.985077,8.590454,13.828766,17.198425,17.742035,17.672821,14.754883,518.857117,7.436559,6.072813,6.780634,5.229815,6.439229,5.467525,5.09497,4.570716,5.34714,4.701925,4.502548,5.014073,18.8530511970452,"NL","STA-NL00553",7,"automatic","industrial","urban","ref","http://dd.eionet.europa.eu/vocabulary/aq/measurementequipment/thermo43i",4,-999,-999,19.3162922228726,20.3641014099121,19.3162922228726,20.0982079982758,19.5902404785156,18.5858437033137,3,"urban",0.0936080276009066,0.143400855871715,26.26,"B22",0.944113045520954
"23",23,4.642319,52.370511,30.9508907887479,24.0192857142857,23.9409734939759,21.3024191616766,2.942307,21.218319,10.741678,16.545532,20.501635,3.796304,0,0,0,796875,0,1663365,0,0,13181.339844,95940.585938,144293.09375,206.884033,0,0,4211.818848,0,44917.921875,0,0,4302.056152,387.863953,61.839516,29669.097656,1224.370483,46286.816406,1985.478516,164.465652,41686.59375,138.703003,0,256567.65625,2634.692871,408397.21875,8575.963867,19.650064,13.914092,8.343929,5.467893,2.293535,4.921559,8.086705,8.624093,14.203783,17.555265,17.87245,17.666391,14.52646,630.017334,6.282702,4.985644,5.718221,4.375885,5.509056,4.800389,4.38417,3.983961,4.688758,4.065885,3.84163,4.272151,27.0426550732312,"NL","STA-NL00550",1,"automatic","traffic","urban","ref","http://dd.eionet.europa.eu/vocabulary/aq/measurementequipment/andersenFH62IR",3,18,2,40.462590696751,41.4031257629395,40.462590696751,32.3539599494934,27.6944789886475,40.7144915815948,3,"urban",0.145511657372778,0.227806626332442,490.05,"B23",0.899853325237434
"24",24,4.708214,51.800658,24.4275808681227,17.5381428571428,23.5958172147002,20.4776702508961,2.89176,17.626953,11.181561,13.150566,15.613039,0.265697,70380,11985,1275,840480,21675,2456925,25500,3315,7610.720703,45243.234375,115355.421875,3785.795898,0,0,10759.12793,0,46466.6875,0,0,0,0,0,4767.34668,0,10718.082031,0,0,27401.316406,327.133667,19.548607,157951.734375,3518.763672,398253.75,7986.613281,84.090569,13.716493,7.437426,4.825807,1.471828,5.356772,8.500818,8.674607,14.978238,18.572222,18.314039,17.921257,14.264393,609.629517,4.44662,3.455148,4.315833,3.21047,4.241251,3.971035,3.279396,3.228787,3.772142,3.196269,2.903849,3.289557,22.5410860326234,"NL","STA-NL00442",1,"automatic","background","urban","ref","http://dd.eionet.europa.eu/vocabulary/aq/measurementequipment/andersenFH62IR",3,-999,-999,25.6000779499294,29.0623950958252,25.6000779499294,24.6395523996353,23.3392333984375,25.8248644637479,3,"urban",0.0588112437845398,0.0702417212724475,564.9,"B24",0.846906792223629
"25",25,4.715072,52.32745,24.9964066852368,18.2284059945504,24.2761904761905,20.9460714285714,2.932975,8.370079,17.561083,10.085044,6.548429,-3.38652,0,0,0,320535,0,1090890,0,0,654.682983,10048.441406,60214.273438,0,0,0,31803.113281,0,134406.59375,0,0,0,0,0,0,0,9681.075195,0,0,3575.788818,0,0,49779.039062,0,273289.21875,828.640869,0,13.905532,8.277705,5.420461,2.24147,4.962518,8.125015,8.62357,14.261759,17.645975,17.910196,17.695436,14.502321,637.914124,6.152154,4.864194,5.615129,4.302352,5.42502,4.75942,4.307131,3.93276,4.621097,4.004856,3.776677,4.20972,23.1500374318412,"NL","STA-NL00565",1,"automatic","background","rural","ref","http://dd.eionet.europa.eu/vocabulary/aq/measurementequipment/undetermined",3,-999,-999,17.996190673223,18.8608913421631,17.996190673223,21.7195356826782,21.9999599456787,18.1249964888176,2,"suburban",0.32588703641325,0.226733028520082,3063.51,"B25",0.884938813696417
"26",26,4.73,52.4,20.2119598550321,15.8077723802915,20.5702859912748,18.9720873786408,2.920261,3.76693,12.908751,11.850317,4.503274,-0.09958,3825,0,0,1337730,0,5165535,0,0,1115.037109,24013.609375,86964.09375,0,0,0,23163.941406,0,82439.921875,0,0,0,0,0,12589.359375,0,41002.410156,0,0,4060.334229,76.642303,0,47455.171875,735.811157,112114.585938,1735.628662,0,13.905039,8.354946,5.474625,2.305571,4.896268,8.057866,8.606328,14.161046,17.497101,17.84341,17.640684,14.523272,619.726501,6.329761,5.029877,5.750685,4.401475,5.550052,4.81168,4.417355,4.011452,4.708998,4.084409,3.863202,4.288581,19.3402996564354,"NL","STA-NL00703",1,"automatic","background","rural","ref","http://dd.eionet.europa.eu/vocabulary/aq/measurementequipment/undetermined",3,-999,-999,18.6014861627849,21.7024745941162,18.6014861627849,20.0315670166016,19.8184928894043,18.1915477617004,2,"suburban",0.198886418678123,0.182440695683474,2691.19,"B26",0.655847141170849
"27",27,4.766678,52.287428,24.41595264938,21.0521859819569,21.6559012345679,20.7546116504854,2.911913,36.410828,31.193554,31.961514,34.473469,-2.546048,286365,0,0,1027905,5610,2242470,53295,0,3064.996582,29904.462891,79199.8125,5048.620605,386.631714,113.929268,45365.824219,1180.104126,116905.75,2168.515625,180.971527,1594.255127,0,0,10898.055664,0,39524.394531,0,0,4636.456543,0,0,65978.796875,125.964485,194658.921875,540.491089,0,13.81176,8.021806,5.198122,1.976346,4.961772,8.153995,8.588324,14.395681,17.792521,17.955355,17.676092,14.365702,597.528931,5.596048,4.350468,5.117373,3.912708,5.009727,4.458269,3.974252,3.679491,4.302723,3.703576,3.468834,3.864657,22.7693809474018,"NL","STA-NL00564",1,"automatic","background","rural","ref","http://dd.eionet.europa.eu/vocabulary/aq/measurementequipment/BAM1020",3,-999,-999,25.1347475851695,31.2853336334229,25.1347475851695,24.0947736749649,23.7724323272705,25.6677055086072,3,"urban",0.29307359629324,0.256340891706629,2574.64,"B27",0.664865552808075
"28",28,4.77,52.43,26.9006779661017,20.0087412587413,28.5148238747554,25.8393681652491,2.906638,12.58667,15.534613,15.956461,12.331203,-1.049321,656880,12495,1275,3246915,95880,6833745,228225,3315,3717.570312,42029.796875,129866.328125,0,0,0,0,0,27002.320312,0,0,2167.957764,0,0,24341.279297,417.726746,56658.820312,1039.993408,0,4194.717285,0,0,27777.5,0,135047.265625,23.590763,0,13.896022,8.370789,5.492252,2.333992,4.877412,8.026131,8.584315,14.113965,17.440599,17.814854,17.619261,14.525603,605.071594,6.420528,5.113122,5.821981,4.462126,5.637064,4.85376,4.484841,4.070789,4.757228,4.128866,3.909633,4.332033,25.8711714476313,"NL","STA-NL00704",4,"automatic","industrial","urban","ref","http://dd.eionet.europa.eu/vocabulary/aq/measurementequipment/thermo43i",3,-999,-999,18.085918732519,18.8691635131836,18.085918732519,24.3292251410484,24.972339630127,17.9495981023779,3,"urban",0.268989611104536,0.355290367462856,2115.27,"B28",0.745988387981193
"29",29,4.773589,52.333561,31.3485277777777,25.9544588155208,30.6541869522883,28.8689285714286,2.906797,16.430069,19.504763,22.365618,17.068472,-2.595247,3315,0,0,410805,0,1292340,0,0,2810.755859,40607.824219,104496.65625,7968.713379,0,0,50310.589844,0,111819.71875,119.535851,0,2002.533447,165.257401,0,7237.358887,577.614929,26036.28125,994.74585,0,19753.349609,276.015625,16.475979,125138.3125,2036.395264,230133.71875,6548.951172,98.417366,13.845418,8.149,5.301109,2.096667,4.930023,8.120195,8.603091,14.315336,17.68231,17.912491,17.661617,14.423271,645.842957,5.853801,4.587126,5.333779,4.0776,5.191882,4.573461,4.127285,3.788073,4.442134,3.833255,3.603116,4.008502,29.9196145211504,"NL","STA-NL00561",1,"automatic","background","rural","ref","http://dd.eionet.europa.eu/vocabulary/aq/measurementequipment/undetermined",3,-999,-999,27.4748609295661,24.6475067138672,27.4748609295661,27.8303679704666,29.6360702514648,28.0991199897752,3,"urban",0.186845739861045,0.303493647095056,433.42,"B29",1
"30",30,4.780847,51.603333,24.3457805660928,16.9266815476191,24.540790842872,21.9951503267974,2.875015,24.882374,12.397136,16.707188,24.714365,4.276886,253725,0,0,1596555,8160,2518125,45645,0,9030.53125,57069.230469,113566.554688,0,0,0,0,0,31622.994141,0,0,5978.725586,0,0,19344.388672,1563.544189,44330.308594,2991.604248,0,30001.119141,346.531281,19.752121,198478.015625,1546.363403,425546.3125,4320.265625,125.379715,13.742485,7.260841,4.760091,1.431845,5.635096,8.706732,8.670929,15.284294,19.064949,18.448734,18.121023,14.31099,607.948914,4.221325,3.356413,4.198942,3.09819,4.026478,3.832819,3.089225,3.070088,3.623525,3.084353,2.734096,3.205999,22.7551803199695,"NL","STA-NL00241",1,"automatic","background","suburban","ref","http://dd.eionet.europa.eu/vocabulary/aq/measurementequipment/undetermined",3,-999,-999,24.6027305571341,26.436897277832,24.6027305571341,26.2553538446426,23.2175254821777,25.1041985051025,3,"urban",0.00892411822899987,0.0285310785868564,34.36,"B30",0.568826959360966
"31",31,4.79361963,52.37888718,22.2143055555555,17.3811936155447,21.8901210653753,20.5299757281553,2.886296,13.621602,23.492767,21.86812,13.459547,1.924814,0,0,0,1751850,0,6636885,0,0,8741.041016,79642.390625,230573.078125,3251.267822,0,0,29584.048828,0,95681.148438,0,0,0,0,0,15767.049805,0,35748.75,0,0,12497.40918,176.859436,25.320133,118670.015625,823.067322,372453.53125,4664.955566,63.660076,13.861569,8.236126,5.370469,2.174137,4.890116,8.077138,8.606862,14.25223,17.589365,17.875505,17.637518,14.461617,642.796936,6.046703,4.76668,5.493989,4.197436,5.324015,4.649982,4.244147,3.87089,4.548141,3.930238,3.7039,4.111329,21.0561136571867,"NL","STA-NL00022",-1,"automatic","background","urban","ref","http://dd.eionet.europa.eu/vocabulary/aq/measurementequipment/thermo42i",2,-999,250,26.6127896240285,25.335018157959,26.6127896240285,23.0066263923645,21.6875476837158,26.7961033282996,3,"urban",0.333549655251034,0.386524113084093,NA,"B31",0.642691454768546
"32",32,4.8166666,52.45000076,22.6600909607732,17.0908333333333,23.5886038480513,22.4202669902912,2.89688,18.203844,11.693515,13.108093,18.280724,2.608945,85170,0,0,1038615,510,5184915,19380,0,8855.042969,52427.820312,116501.0625,891.668762,0,0,24601.853516,0,53228.910156,0,0,6035.322266,217.97139,0,26295.214844,1121.280273,44771.277344,1911.268433,0,14919.878906,0,0,129376.9375,1276.436768,204203.53125,1990.626099,0,13.860339,8.317733,5.44771,2.284186,4.851898,8.00724,8.56671,14.125885,17.445002,17.80761,17.597544,14.491912,602.225891,6.348413,5.043544,5.747302,4.406479,5.596101,4.804772,4.459662,4.052734,4.720357,4.088648,3.865586,4.275031,21.7975141029478,"NL","STA-NL00701",1,"automatic","background","urban","ref","http://dd.eionet.europa.eu/vocabulary/aq/measurementequipment/undetermined",3,-999,170,29.1700018176962,28.6124935150146,29.1700018176962,24.2359872303009,22.1642322540283,29.197788803563,3,"urban",0.37324265574092,0.35401298410034,7697.4,"B32",0.676803274625197
"33",33,4.82500839,51.59360886,37.6153754266211,24.7606090225564,31.786183745583,26.0789956331878,2.867877,19.313921,9.571607,11.405157,17.537037,7.567548,293760,6885,1020,517395,48705,1930350,96390,2295,6295.133301,37219.460938,87840.46875,5572.567383,0,0,16065.394531,235.303772,37166.632812,2978.324219,0,4734.424805,334.732605,25.284933,19750.390625,1446.016357,36121.351562,2312.8396,79.026581,16074.008789,0,0,162988.890625,1642.540283,368019.09375,4371.107422,0,13.728105,7.226469,4.742168,1.397277,5.63644,8.701723,8.655149,15.292388,19.078232,18.45612,18.123718,14.298579,599.316223,4.178957,3.327042,4.163122,3.069241,3.984956,3.795665,3.05803,3.038234,3.586131,3.055637,2.702767,3.178492,32.6802428738442,"NL","STA-NL00240",4,"automatic","traffic","suburban","ref","http://dd.eionet.europa.eu/vocabulary/aq/measurementequipment/andersenFH62IR",3,25,5,30.0701667986581,27.9853191375732,30.0701667986581,31.3509217729568,32.3211936950684,30.2513595709083,3,"urban",0.351815981408371,0.350852533201746,5034.1,"B33",0.611381199565513
"34",34,4.832064,52.420219,31.8287587168758,23.2849372384937,31.6113326848249,28.8883353584447,2.877627,24.753113,24.094236,26.444946,25.555458,1.449772,679575,0,0,5374380,0,9543120,44625,0,8406.660156,82270.695312,211656,0,0,0,32485.119141,0,88320.210938,0,0,3021.665039,0,0,23494.007812,0,63259.945312,0,0,4715.407227,87.456688,40.151672,90942.8125,87.456688,271054.78125,829.979126,49.324821,13.839338,8.236611,5.374915,2.188155,4.858031,8.035476,8.579041,14.207527,17.532038,17.842991,17.607122,14.453472,615.753235,6.125401,4.837646,5.551085,4.248033,5.407458,4.681307,4.314104,3.931973,4.593728,3.96906,3.742575,4.142882,29.8695557268451,"NL","STA-NL00546",1,"automatic","industrial","urban","ref","http://dd.eionet.europa.eu/vocabulary/aq/measurementequipment/undetermined",3,-999,-999,26.1240681531014,25.449649810791,26.1240681531014,28.5338772659302,29.3272571563721,25.8820786289173,3,"urban",0.31944972115759,0.394525542914863,5040.44,"B34",0.705632116105983
"35",35,4.838336,52.138889,16.6274441900401,12.3804297994269,16.9305779770802,15.5032954545454,2.898014,0,1.429705,0.918249,0.016374,-1.75502,0,0,0,33150,0,183855,0,0,94.827957,2559.412109,12058.490234,0,0,0,0,0,0,0,0,0,0,0,0,0,3087.516113,0,0,0,0,0,17556.160156,0,62177.082031,0,0,13.649628,7.50806,4.823568,1.511842,5.040462,8.242581,8.532658,14.663195,18.11727,18.09873,17.716866,14.170943,544.362671,4.770825,3.651181,4.465361,3.401029,4.429363,4.07165,3.494681,3.352294,3.878087,3.304836,3.06018,3.419454,15.7836019948857,"NL","STA-NL00633",-2,"automatic","background","rural","ref","http://dd.eionet.europa.eu/vocabulary/aq/measurementequipment/undetermined",3,-999,-999,11.7270972794276,13.9619092941284,11.7270972794276,14.7887153329849,15.3011140823364,11.786364749674,1,"rural",0.157281101355834,0.202016786839714,4635.02,"B35",0.568431833472973
"36",36,4.84501123,52.38111115,50.1101632882883,37.266334519573,38.7274963108707,34.7251870324189,2.861477,41.640373,33.713226,33.931759,40.925678,5.440407,11985,0,0,2187135,6885,6943650,6885,0,15104.236328,120860.671875,319351.75,9033.960938,982.912109,154.998383,38823.800781,2768.459473,83762.921875,4362.523438,380.213654,740.593323,0,0,22488.591797,0,53268.914062,666.247681,0,35080.039062,429.520172,25.016216,196461.8125,2638.67041,492837.5,10725.37207,92.76561,13.817566,8.141647,5.290921,2.076915,4.869308,8.07044,8.593285,14.303273,17.635975,17.88615,17.620787,14.410034,632.660217,5.863512,4.597367,5.322176,4.063234,5.183289,4.537222,4.138333,3.787135,4.442086,3.827796,3.598775,3.989832,43.4883250752555,"NL","STA-NL00007",2,"automatic","traffic","urban","ref","http://dd.eionet.europa.eu/vocabulary/aq/measurementequipment/BAM1020",3,20,1,52.6453971859428,43.6154556274414,52.6453971859428,41.2965232639313,43.9151229858398,47.035176782746,3,"urban",0.225952428782539,0.31391066963218,3143.66,"B36",0.51265844560758
"37",37,4.86084175,52.3758316,48.7646566164153,38.2761061946903,38.5296548371415,37.5692857142857,2.856119,35.223022,35.894524,42.089367,35.82597,4.2127,114750,0,0,1035810,4080,5200725,40800,0,15662.719727,128122.078125,334421,0,0,0,28830.345703,0,83560.320312,0,0,353.41394,0,0,22154.875,0,68329.148438,0,0,37086.289062,406.031158,50.854065,243473.171875,3663.452637,556685.6875,6624.317871,153.324371,13.799971,8.097188,5.254243,2.033731,4.867028,8.073253,8.587546,14.32757,17.662209,17.893917,17.617872,14.387446,628.246948,5.778515,4.519221,5.245487,4.004024,5.12021,4.490292,4.088437,3.748988,4.393484,3.781655,3.551463,3.937019,43.2637065027235,"NL","STA-NL00020",4,"active","traffic","urban","ref","",4,18,2,36.1090100930741,31.802095413208,36.1090100930741,39.4603420028687,42.9262046813965,37.8085410485232,3,"urban",0.463648121180054,0.559356661243753,7484.71,"B37",0.560385823641186
"38",38,4.866208,52.359714,27.5739361702128,20.8154843110504,23.417999019127,22.4692583732058,2.851653,31.330647,33.470303,41.609779,34.461571,4.765533,510,0,0,241740,510,2229975,510,0,15160.486328,136641.8125,322045.03125,0,0,0,29504.980469,0,82879.820312,0,0,388.397766,0,0,19535.570312,0,66193.171875,0,0,37094.53125,245.31543,0,287593.65625,1493.035034,585427.25,3672.111328,0,13.783957,8.044187,5.211852,1.986858,4.87628,8.085962,8.581508,14.35608,17.699289,17.907217,17.622265,14.363467,634.68042,5.681281,4.430788,5.162933,3.941475,5.051775,4.445461,4.029989,3.706533,4.338818,3.731151,3.499844,3.882629,24.8109433708751,"NL","STA-NL00014",2,"automatic","background","urban","ref","http://dd.eionet.europa.eu/vocabulary/aq/measurementequipment/undetermined",3,-999,65,36.2116753301496,29.1453971862793,36.2116753301496,27.3489979858398,25.0846385955811,35.6190782398819,3,"urban",0.568203893068792,0.424613280174417,NA,"B38",0.854445580780876
"39",39,4.87611961,52.38500214,53.8364190687362,45.500612244898,39.7185472154963,46.2606459330143,2.854962,37.289207,33.329353,40.940964,35.938229,5.004714,83130,0,0,2127210,0,5468475,0,0,15251.370117,122797.554688,322734.75,0,0,0,33509.304688,0,88228.53125,0,0,5247.404297,0,0,28825.529297,0,63426.039062,1124.298096,0,27938.257812,610.351807,0.699683,190509.796875,4235.517578,548912.875,9539.802734,115.572281,13.791635,8.089348,5.247062,2.02396,4.855846,8.064259,8.583987,14.328796,17.658432,17.890001,17.609629,14.380772,616.145447,5.766845,4.507647,5.230383,3.992022,5.111141,4.47696,4.084703,3.745119,4.38653,3.773603,3.542876,3.924306,48.1657460766888,"NL","STA-NL00002",4,"automatic","traffic","urban","ref","http://dd.eionet.europa.eu/vocabulary/aq/measurementequipment/undetermined",2,2,43,36.1472578209938,33.4568977355957,36.1472578209938,43.7855048465729,46.892822265625,38.0644116737641,3,"urban",0.029848200764295,0.0649129090238669,331.95,"B39",0.798992621854215
"40",40,4.88805819,52.3900032,39.7832361920622,29.8555020632737,31.1189083820662,31.7541818181818,2.85476,24.173498,31.006569,36.854301,28.215624,6.503525,117045,0,0,2150160,0,5013555,0,0,10622.504883,116264.734375,300264.125,0,0,0,23702.503906,0,90817.585938,0,0,4648.542969,200.340546,51.472958,27428.556641,1148.446167,62090.136719,2060.75,102.08577,14782.771484,0,0,185408.96875,709.329468,521946.1875,2200.529541,0,13.782166,8.074679,5.234929,2.010312,4.849292,8.059216,8.579082,14.332133,17.659903,17.888231,17.603918,14.371677,607.919617,5.746705,4.488466,5.209735,3.976626,5.099139,4.463316,4.076817,3.739488,4.375714,3.762202,3.530659,3.908695,35.0646321771624,"NL","STA-NL00012",4,"automatic","traffic","urban","ref","http://dd.eionet.europa.eu/vocabulary/aq/measurementequipment/BAM1020",3,5,3,35.9889807048202,35.9557304382324,35.9889807048202,34.9852401485443,35.2199211120605,35.2602526394417,3,"urban",0.17183617643336,0.124856125782007,3052.67,"B40",0.883494132653691
"41",41,4.9000001,52.35805511,38.6723972988183,31.7951098511693,30.0305911330049,33.964603960396,2.847425,44.237995,33.4599,43.461914,46.760029,7.374654,0,0,0,149175,0,2116500,0,0,15616.74707,132261.375,304467.4375,0,0,0,15364.62207,0,96491.625,0,0,7804.857422,184.52153,59.099571,34196.757812,702.957397,64055.253906,1822.067627,98.531586,35045.136719,406.097229,0,266435.84375,4053.182617,561293.625,11045.995117,51.103104,13.753949,7.977083,5.156579,1.921511,4.864609,8.081718,8.570044,14.388341,17.731264,17.914682,17.61248,14.328625,619.178711,5.5654,4.325087,5.056552,3.859244,4.964898,4.377007,3.963605,3.655018,4.272661,3.667483,3.434659,3.808455,34.8565036180322,"NL","STA-NL00017",4,"automatic","traffic","urban","ref","http://dd.eionet.europa.eu/vocabulary/aq/measurementequipment/undetermined",3,3,5,44.5263242752191,39.5343055725098,44.5263242752191,36.6347358951569,35.0293769836426,44.048033897817,3,"urban",0.0185279341634184,0,0,"B41",1
"42",42,4.90500307,52.3730545,31.3344875346261,25.8990463215259,27.3552821997105,28.5032142857143,2.849646,81.340904,33.475677,40.62854,72.906769,6.702354,510,0,0,701505,0,2764455,0,0,13926.317383,123835.21875,316245.875,3063.268311,0,0,11718.703125,0,112201.875,1098.21228,0,4809.186523,0,0,34413.765625,0,61407.515625,668.375549,0,17079.609375,355.091736,67.743721,244122.65625,2331.983154,566902.5625,4926.943359,102.450684,13.760081,8.00733,5.180141,1.945548,4.85223,8.067986,8.572266,14.372338,17.70797,17.904917,17.60533,14.340187,609.016296,5.620849,4.374623,5.100656,3.892336,5.002427,4.398018,3.998621,3.679374,4.304029,3.6954,3.46278,3.836186,29.082090485826,"NL","STA-NL00019",2,"automatic","background","urban","ref","http://dd.eionet.europa.eu/vocabulary/aq/measurementequipment/thermo42i",2,-999,150,38.7285148190965,31.2411842346191,38.7285148190965,29.9584998970032,29.0769786834717,38.4262255869621,3,"urban",0.1119022107046,0.114762853432986,670.99,"B42",0.675475380083919
"43",43,4.923431,51.974639,17.9528977272727,12.7810989010989,18.8808630952381,16.8470460048426,2.900121,0.957595,0.953188,0.977734,0.986354,0.856768,0,0,0,0,0,234345,0,0,560.473755,4443.047852,11515.638672,0,0,0,0,0,0,0,0,699.797913,0,0,5613.106934,0,14534.139648,0,0,5393.960449,294.299438,41.039452,40377.519531,919.029724,86698.078125,1638.911133,106.69989,13.660586,7.40924,4.780949,1.439498,5.215054,8.396949,8.617958,14.836415,18.328592,18.236532,17.857548,14.231491,524.698792,4.641532,3.603055,4.449419,3.355054,4.39713,4.05717,3.420498,3.296414,3.829106,3.265891,2.993693,3.398079,17.0834181125237,"NL","STA-NL00644",1,"automatic","background","rural","ref","http://dd.eionet.europa.eu/vocabulary/aq/measurementequipment/undetermined",3,-999,-999,13.2709634659334,15.6351137161255,13.2709634659334,16.6210893902779,16.9610118865967,13.6139240165681,2,"suburban",0.00549078657549094,0.013096712268835,5.94,"B43",0.751589960262445
"44",44,4.94389725,52.38888931,25.4534040178571,19.5239721254355,23.2381720430107,22.7875912408759,2.853461,18.227215,19.409037,18.962271,19.377119,3.727294,177480,0,0,620160,0,1158975,40035,0,8984.714844,73552.734375,183780.71875,0,0,0,34874.132812,0,55730.773438,0,0,0,0,0,15139.612305,0,46375.402344,0,0,17515.601562,0,0,150003.78125,955.202942,354703.3125,4332.201172,0,13.736344,7.976894,5.156004,1.917482,4.827888,8.042507,8.555902,14.374531,17.708763,17.897949,17.588156,14.319691,582.950012,5.611329,4.364838,5.086555,3.884252,5.002515,4.3857,4.006731,3.685699,4.304316,3.69122,3.456066,3.824218,23.5426653036723,"NL","STA-NL00003",1,"automatic","background","urban","ref","http://dd.eionet.europa.eu/vocabulary/aq/measurementequipment/thermo49i",4,-999,20,25.4378365426389,23.7926425933838,25.4378365426389,23.7428000974655,23.4127464294434,25.1011438664118,3,"urban",0.342839207365502,0.399148300366728,9048.99,"B44",0.586626875105619
"45",45,4.988614,52.203056,35.5425731809311,28.4224369747899,30.5160029498525,26.2773736128237,2.872685,4.677339,3.167366,3.615186,4.06159,-0.62574,0,0,0,62475,0,194565,0,0,715.780273,9292.162109,25439.029297,3950.280762,25.002851,0,15200.027344,1100.109375,26023.841797,1938.258057,0,0,0,0,7297.395508,0,14394.691406,0,0,1351.43042,0,0,47107.355469,0,114887.140625,0,0,13.605897,7.485703,4.784649,1.506113,4.955313,8.193071,8.517749,14.652699,18.085096,18.065481,17.692694,14.154434,519.747498,4.778383,3.660365,4.435605,3.386763,4.421027,4.025136,3.495096,3.337251,3.852603,3.281491,3.045871,3.401156,32.1071543658753,"NL","STA-NL00641",-1,"automatic","traffic","rural","ref","http://dd.eionet.europa.eu/vocabulary/aq/measurementequipment/andersenFH62IR",3,200,5,13.5512338808663,18.9284629821777,13.5512338808663,27.3234290962219,30.6419315338135,14.2568340548951,2,"suburban",0.321058987777246,0.305937239059053,NA,"B45",0.855397868808341
"46",46,4.98889446,52.32138824,24.4917895908712,18.2918282548476,21.3509891196835,19.8713064713065,2.857752,16.440054,18.300318,19.639275,17.286222,-1.323043,510,0,0,645915,0,1620015,0,0,7463.692383,57789.742188,133839.6875,5416.173828,0,0,51166.179688,0,125573.773438,0,0,1784.170532,0,0,5480.975098,0,19932.46875,0,0,14562.819336,0,0,122431.320312,278.920288,297044.8125,3805.340332,0,13.662327,7.739744,4.969923,1.714728,4.858106,8.084886,8.523348,14.490685,17.860992,17.95211,17.603809,14.222048,564.648682,5.222086,4.023096,4.761817,3.638339,4.724012,4.202223,3.768077,3.512677,4.08393,3.488545,3.252726,3.612719,22.1229889271016,"NL","STA-NL00021",-3,"automatic","background","urban","ref","http://dd.eionet.europa.eu/vocabulary/aq/measurementequipment/thermo42i",2,-999,340,24.3707392395664,24.9043579101562,24.3707392395664,23.0381441307068,22.8045215606689,24.5180849644087,3,"urban",0.505883789691824,0.529803800219127,7442.64,"B46",0.631577977033117
"47",47,5.050842,52.804722,12.1550473537604,9.68737623762375,13.2792200695479,11.9686072772898,2.913938,25.309149,26.328239,44.947803,38.409847,-4.332134,0,0,0,923355,0,3237990,0,0,92.601936,1271.798462,5419.04834,0,0,0,13604.116211,0,24086.828125,0,0,1919.492065,0,0,6775.413574,2.238139,25424.064453,792.010742,0,22.731842,0,0,6026.286133,0,37387.589844,0,0,13.891914,8.758668,5.714123,2.795373,4.600059,7.937703,8.633113,13.870496,17.196478,17.698421,17.728174,14.767349,383.155579,7.854434,6.409105,7.108194,5.553333,7.063876,5.776276,5.765654,5.088363,5.799502,5.103355,4.864002,5.200004,11.934918732877,"NL","STA-NL00538",-4,"automatic","background","rural","ref","http://dd.eionet.europa.eu/vocabulary/aq/measurementequipment/undetermined",3,-999,-999,13.2416004558364,18.0249004364014,13.2416004558364,14.159851521492,12.9313821792603,12.6603154360955,1,"rural",0.332897792271368,0.225873306836684,5412.25,"B47",0.748838322345582
"48",48,5.121114,52.068889,34.2473509252914,26.5010571428571,27.839542662116,24.0341360294118,2.845459,19.403662,19.176796,24.078129,20.318928,5.198428,32130,0,0,163710,3060,1776585,3825,0,12526.786133,82014.40625,187574.359375,0,0,0,51971.710938,0,138998.265625,0,0,5549.549805,0,0,22268.488281,0,53884.691406,621.599976,0,41025.976562,617.785706,38.581623,230673.84375,4761.165039,536490.3125,14641.682617,128.087494,13.508327,7.275199,4.651297,1.360006,4.973915,8.217446,8.47564,14.739794,18.201656,18.101904,17.721916,14.081903,530.204224,4.52364,3.484558,4.24873,3.242079,4.243437,3.881096,3.322573,3.213344,3.693931,3.146148,2.917329,3.276981,30.2735106282736,"NL","STA-NL00639",1,"automatic","traffic","urban","ref","http://dd.eionet.europa.eu/vocabulary/aq/measurementequipment/andersenFH62IR",3,15,1,36.4648167454452,36.9975166320801,36.4648167454452,31.5017703495026,30.2073402404785,35.1538548799813,3,"urban",0.0363903267514248,0.135422786126958,740.75,"B48",0.951996527639531
"49",49,5.125286,52.106111,31.834647534132,24.2064775910364,25.9355155155156,23.3815960099751,2.843657,17.677227,15.122632,18.533073,17.934633,4.701514,0,0,0,264435,0,1700595,0,0,13195.731445,88959.3125,190862.578125,0,0,0,28792.433594,0,86566.859375,0,0,4327.993164,0,0,25724.214844,1025.328125,67922.476562,2016.657959,0,40746.984375,522.281494,44.928219,284489,4191.137695,545634.5625,10684.705078,125.574585,13.506533,7.272558,4.649379,1.358456,4.973108,8.217106,8.474951,14.740758,18.202684,18.101759,17.722073,14.080992,510.362122,4.521235,3.483108,4.246492,3.240458,4.241413,3.878728,3.320598,3.211719,3.691851,3.144454,2.916042,3.275506,28.1720550144283,"NL","STA-NL00636",1,"automatic","traffic","urban","ref","http://dd.eionet.europa.eu/vocabulary/aq/measurementequipment/undetermined",3,48,1,33.1105294106116,26.4209175109863,33.1105294106116,29.0427249259949,27.835376739502,33.5292291326278,3,"urban",0.323338302029459,0.315170576898652,8769.79,"B49",0.753063873225292
"50",50,5.128333,52.102222,23.328289983398,17.2849519230769,22.3040977261733,20.3901813784764,2.843122,18.718441,15.916793,20.31621,19.684914,4.4338,0,0,0,208335,0,1588650,0,0,13772.165039,93014.851562,193264.671875,0,0,0,33136.523438,0,92295.0625,0,0,4029.277344,0,0,29431.689453,997.213623,66392.9375,1905.438965,0,39348.195312,261.56781,22.437513,287760.1875,3559.564697,548740.6875,10269.759766,36.683945,13.505337,7.270797,4.6481,1.357423,4.97257,8.216879,8.474491,14.741401,18.203371,18.101662,17.722176,14.080385,511.739655,4.519632,3.482142,4.245001,3.239377,4.240063,3.87715,3.319281,3.210635,3.690464,3.143324,2.915184,3.274522,21.6535028054337,"NL","STA-NL00643",2,"automatic","background","urban","ref","http://dd.eionet.europa.eu/vocabulary/aq/measurementequipment/thermo49i",4,-999,-999,33.1665841762719,28.0685424804688,33.1665841762719,25.3005171337128,22.2281513214111,33.2227325453198,3,"urban",0.190705634482339,0.168812654743456,2978.44,"B50",1
"51",51,5.148903,51.519444,20.0341266741072,15.1771457765668,24.8374079528719,22.9570883054893,2.867759,0.860188,2.665431,1.490664,0.723946,15.409937,255,0,0,86700,255,193800,255,0,309.994659,4622.925781,25497.320312,0,0,0,16867.15625,0,50997.480469,0,0,0,0,0,1658.015503,0,9789.154297,0,0,2176.503662,17.853878,0,26836.611328,533.80957,138424.90625,968.255615,0,13.635092,7.020428,4.645087,1.13373,5.622196,8.680217,8.579741,15.38451,19.211618,18.530159,18.172525,14.239628,532.353149,3.894535,3.129035,3.908381,2.875861,3.709099,3.554244,2.850365,2.839905,3.355999,2.854745,2.505379,2.986965,20.5310031534608,"NL","STA-NL00230",15,"automatic","background","rural","ref","http://dd.eionet.europa.eu/vocabulary/aq/measurementequipment/undetermined",3,-999,-999,14.082412858294,15.2747468948364,14.082412858294,19.1400556974411,19.2942218780518,14.3287286563388,2,"suburban",0.264776674971379,0.227689316359192,14822,"B51",0.776179273482422
"52",52,5.181553,52.235083,26.8008922651933,19.8271768707483,20.672692121798,18.940584725537,2.834839,13.545443,7.540556,9.177679,13.718459,8.812366,0,0,0,176715,0,362610,0,0,12118.663086,49642.585938,99868.234375,0,0,0,5805.509766,0,53882.871094,0,0,4069.646973,373.515747,129.080765,20797.050781,931.839966,41435.59375,1385.786865,211.709961,18693.46875,0,0,97505.523438,1263.639282,306741.9375,3509.721924,0,13.508951,7.369396,4.703598,1.440112,4.886052,8.153935,8.475697,14.689973,18.110664,18.029465,17.673866,14.093828,480.91806,4.713315,3.624001,4.357928,3.339679,4.374025,3.939403,3.453886,3.29993,3.79356,3.226488,3.005821,3.35338,23.2648695330948,"NL","STA-NL00547",1,"automatic","traffic","urban","","",3,34,3,33.9272867437118,26.0072803497314,33.9272867437118,24.5733000764847,23.2055530548096,32.851913646498,3,"urban",0.078092632833119,0.00737186758952806,689.51,"B52",0.693611823788166
"53",53,5.235903,52.257361,20.5189429994466,15.3487352328005,17.686472361809,16.7284779874214,2.8225,8.685398,5.726214,6.02149,9.017881,5.813065,0,0,0,39270,0,211905,0,0,4215.5625,18174.214844,77416.28125,1947.654053,0,0,37851.660156,0,70279.210938,0,0,0,0,0,3809.765625,0,21162.367188,0,0,35157.5625,274.924103,0,126032.867188,2553.072266,290933,7386.064453,20.760321,13.501191,7.374171,4.7071,1.445627,4.86431,8.128912,8.469929,14.70514,18.133661,18.028173,17.670031,14.098198,483.128662,4.759055,3.663867,4.388445,3.369054,4.413125,3.953418,3.494704,3.32761,3.823751,3.249667,3.030674,3.375379,18.4987470814074,"NL","STA-NL00549",1,"automatic","background","urban","ref","http://dd.eionet.europa.eu/vocabulary/aq/measurementequipment/andersenFH62IR",3,-999,-999,21.2683529511508,20.5240039825439,21.2683529511508,19.6959227676392,18.8671741485596,20.7412570771653,3,"urban",0.299736581855725,0.36570698858732,3888.06,"B53",0.637532133534155
"54",54,5.393333,51.4075,19.4779038087295,13.7987006802721,21.5138506876228,18.913843373494,2.883679,14.758615,8.614237,10.113261,14.935576,24.183809,33150,0,0,728280,0,2309790,0,0,6050.736328,32769.992188,72424.359375,0,0,0,23876.125,0,52102.1875,0,0,0,0,0,796.211487,0,4977.567871,0,0,25066.832031,265.934021,0,136688.0625,4009.974365,316023.96875,9268.519531,26.645222,13.640491,6.974407,4.637197,1.066445,5.661384,8.820127,8.66607,15.539751,19.362947,18.709236,18.331188,14.33935,547.483826,3.809342,3.085905,3.831571,2.824018,3.614154,3.477671,2.777293,2.781324,3.279349,2.785958,2.440423,2.924289,18.8271800473088,"NL","STA-NL00247",22,"automatic","background","urban","ref","http://dd.eionet.europa.eu/vocabulary/aq/measurementequipment/undetermined",3,-999,-999,24.5725876470185,26.8160037994385,24.5725876470185,21.0504117650986,20.1541957855225,24.328174770892,3,"urban",0.00221114161190182,0,0,"B54",1
"55",55,5.4289,51.44528,33.60234226689,23.721304664723,26.6980369989723,23.3072171651495,2.874755,17.790232,21.293411,24.384542,18.787004,20.339964,24735,0,0,1815855,0,3931845,0,0,4133.082031,54386.527344,148660.171875,13805.481445,326.731628,0,35505.917969,2201.012939,78864.078125,5260.832031,25.136316,0,0,0,16773.054688,0,41934.445312,0,0,22955.160156,0,0,226627.46875,488.746582,542384.75,3813.727051,0,13.624385,6.977133,4.63047,1.070399,5.619106,8.780151,8.654588,15.512208,19.325281,18.672777,18.309086,14.329782,543.919067,3.832345,3.103076,3.844303,2.844627,3.645808,3.491542,2.80552,2.799388,3.303661,2.794463,2.459446,2.93543,29.0958695549025,"NL","STA-NL00237",18,"automatic","traffic","urban","ref","http://dd.eionet.europa.eu/vocabulary/aq/measurementequipment/undetermined",3,10,2,25.7544610120326,28.3000087738037,25.7544610120326,29.5628458843231,29.1595573425293,26.4399717762566,3,"urban",0.00717798345569686,0,0,"B55",1
"56",56,5.472783,51.469722,27.0982510344828,19.9582040816327,23.3904196816208,20.6532657926103,2.869965,34.512154,19.928152,23.214287,29.284971,20.484095,5865,0,0,396525,0,3562350,0,0,9200.098633,64402.429688,138848.59375,0,0,0,5418.054688,0,70025.867188,0,0,336.783966,0,0,29414.376953,0,54095.03125,0,0,26017.330078,379.165894,50.621174,218060.234375,2543.07959,505229.25,7615.117188,135.274292,13.611561,6.975702,4.62532,1.068663,5.596543,8.762812,8.647798,15.498949,19.305593,18.660892,18.302933,14.327196,542.753357,3.841297,3.109746,3.847134,2.852052,3.657768,3.49384,2.815863,2.803331,3.31048,2.794868,2.465288,2.937447,24.2416169840325,"NL","STA-NL00236",17,"automatic","traffic","urban","ref","http://dd.eionet.europa.eu/vocabulary/aq/measurementequipment/undetermined",3,32,2,27.9481264694605,29.6766510009766,27.9481264694605,26.4387250938416,24.7816562652588,28.3161732727812,3,"urban",0.0972963802944645,0.0493475210886615,1022.2,"B56",0.487235662785906
"57",57,5.57349157,52.91691589,10.3301154604337,7.24922330097089,10.0640364711681,9.27763702801461,2.885263,0.006087,0.227043,0.343637,0.034235,0.083533,0,0,0,110670,0,125970,0,0,17.729673,3528.32373,5292.86084,0,0,0,1186.185425,0,6340.901367,0,0,1812.120239,0,0,6036.491699,0,8592.229492,399.373596,0,0,0,0,15973.47168,0,31954.970703,0,0,13.637676,8.35041,5.175065,2.215662,4.197563,7.807972,8.569675,13.960112,17.207623,17.629665,17.607477,14.499416,357.946655,7.77591,6.305754,7.094251,5.472537,6.990092,5.750248,5.886435,5.006946,5.772066,5.066587,4.864278,5.17194,9.57969067714716,"NL","STA-NL00918",1,"automatic","background","rural","ref","http://dd.eionet.europa.eu/vocabulary/aq/measurementequipment/undetermined",3,-999,-999,10.6772824522607,10.6163196563721,10.6772824522607,10.0342361721992,10.0009546279907,10.8224715075041,1,"rural",0.688281149984643,0.996701314370683,5972.79,"B57",0.377088317281559
"58",58,5.593378,52.423211,14.2909560867148,9.6342748091603,14.079793814433,12.2333578431373,2.86751,0,0.140715,0.082444,0.004953,-2.288129,0,0,0,0,0,0,0,0,148.189514,1362.798584,3690.084961,1496.935547,0,0,16909.832031,0,31915.486328,0,0,0,0,0,0,0,0,0,0,0,0,0,7558.783203,0,29412.359375,0,0,13.46531,7.4847,4.700627,1.45942,4.639046,8.039403,8.504839,14.661911,18.029219,17.944147,17.645195,14.145163,456.251953,5.152012,4.034492,4.710863,3.652645,4.764188,4.130362,3.889183,3.565667,4.098847,3.472309,3.251008,3.57708,13.1577307077252,"NL","STA-NL00617",1,"automatic","background","rural-regional","ref","http://dd.eionet.europa.eu/vocabulary/aq/measurementequipment/andersenFH62IR",3,-999,-999,12.122289117714,11.6727533340454,12.122289117714,12.3421002631187,12.8294906616211,12.1282746621318,1,"rural",0.0152809521218918,0.06645639931991,342.53,"B58",0.0930748067638421
"59",59,5.708619,52.1125,16.7848592715232,10.5888828337875,15.5472603406326,13.7554939759036,2.810282,2.550621,0.787651,0.568047,1.999478,19.187271,45645,0,0,51765,0,139740,0,0,1502.014648,5184.955566,14989.836914,0,0,0,0,0,0,0,0,0,0,0,2524.286621,0,17958.240234,0,0,6698.370117,21.065201,0,18340.900391,600.341064,47160.957031,3048.93457,0,13.181109,6.837687,4.313868,0.708484,4.717651,8.002385,8.264535,14.808172,18.369223,18.104603,17.691036,13.878709,460.819305,4.238411,3.346581,3.9978,3.039469,3.973661,3.580124,3.127454,3.038859,3.483814,2.943677,2.727873,3.074393,15.0214958907311,"NL","STA-NL00738",18,"automatic","background","rural","ref","http://dd.eionet.europa.eu/vocabulary/aq/measurementequipment/andersenFH62IR",3,-999,-999,12.7995032370359,14.4956703186035,12.7995032370359,14.8955423336029,14.8944606781006,12.8143177632063,3,"urban",0.364893627586037,0.482161821578603,24711.4,"B59",0.174520700941679
"60",60,5.853614,51.541111,18.4474675137164,12.5565893108298,21.4763765903308,19.2445566502463,2.875787,1.877136,0.46017,0.671254,1.665023,29.55526,0,0,0,6375,0,6375,0,0,446.384308,2732.167725,5470.791504,0,0,0,0,0,0,0,0,2559.071289,0,0,8072.863281,572.360291,12584.393555,1388.469482,0,379.341309,0,0,7551.720703,0,26643.136719,0,0,13.518122,6.951046,4.589555,0.962787,5.504688,8.730061,8.594211,15.451522,19.253229,18.752703,18.37175,14.346964,542.056396,3.822623,3.097557,3.802221,2.825506,3.627084,3.426921,2.794877,2.733366,3.240678,2.751035,2.440082,2.889998,18.1224775539348,"NL","STA-NL00131",28,"automatic","background","rural","ref","http://dd.eionet.europa.eu/vocabulary/aq/measurementequipment/undetermined",3,-999,-999,11.7637650796935,13.6978197097778,11.7637650796935,17.0176641821861,17.2036380767822,11.9507087649463,2,"suburban",0.306236102178483,0.515470429838934,13855.59,"B60",1
"61",61,5.858061,51.838889,25.0779983296214,17.9177414965986,22.0903602726388,19.6483432657926,2.86043,39.34589,10.446077,15.049955,34.092236,35.437748,0,0,0,735675,0,1686060,0,0,11547.980469,66054.960938,118073.96875,0,0,0,0,0,862.59906,0,0,3723.980957,0,0,33225.78125,944.299866,57083.617188,2098.717773,0,48067.484375,552.536072,0,246128.09375,5378.666992,466586.125,12763.964844,49.812843,13.385171,7.047056,4.48294,0.696693,5.046336,8.366309,8.558374,15.055827,18.667559,18.453711,18.101946,14.202358,534.44751,4.062963,3.241,3.901013,2.942578,3.824504,3.474775,2.995589,2.866949,3.343829,2.847043,2.57601,2.968547,22.4856874846375,"NL","STA-NL00742",30,"automatic","background","urban","ref","http://dd.eionet.europa.eu/vocabulary/aq/measurementequipment/undetermined",4,-999,-999,31.0715835819816,26.084077835083,31.0715835819816,25.7133350162506,22.6807746887207,30.9131024792577,3,"urban",0.0851115627866154,0.136250489369065,13049.95,"B61",0.782544981664532
"62",62,5.858061,51.848889,37.3018762196821,27.7622046703296,27.3762437562438,25.4839902080783,2.862329,37.318588,10.326776,14.635687,32.443108,17.279985,26520,0,0,698190,0,1937745,0,0,8945.796875,61046.726562,113519.59375,0,0,0,0,0,3913.75415,0,0,2380.163086,0,0,27584.693359,0,54919.550781,0,0,31650.707031,371.336456,66.430496,223846.8125,3589.074463,431280.28125,9040.597656,93.203278,13.376354,7.042905,4.475932,0.681086,5.027,8.345879,8.54881,15.040867,18.647924,18.440655,18.086679,14.190943,534.44751,4.071396,3.246195,3.904693,2.946285,3.830769,3.477108,3.002056,2.872894,3.348487,2.850373,2.581025,2.971696,31.9960371464531,"NL","STA-NL00741",30,"automatic","traffic","urban","ref","http://dd.eionet.europa.eu/vocabulary/aq/measurementequipment/undetermined",3,6,1,26.9877887510073,24.0089855194092,26.9877887510073,29.8826927032471,30.8908138275146,27.1427700208482,3,"urban",0.37713307169412,0.576803099000405,17799.04,"B62",0.842734071841029
"63",63,5.882236,50.903056,15.4970505617978,11.1189944903581,13.9250024912805,12.8752657601978,2.962472,3.04172,4.408761,3.531906,3.026307,89.901382,0,0,0,42585,0,732870,0,0,1149.362793,11195.65625,46355.03125,0,0,0,23247.910156,0,61438.832031,0,0,0,0,0,0,0,3971.729492,0,0,9176.598633,162.930679,0,67371.976562,2445.308105,222133.09375,5517.651367,26.769812,13.148648,6.483363,4.217628,-0.166556,5.553114,8.798487,8.137206,15.156188,18.995398,18.744261,18.224545,14.037875,601.004456,3.924276,3.223777,4.069676,2.950606,3.63132,3.657378,2.627879,2.601411,3.204885,2.940122,2.49032,3.021074,14.0391441693433,"NL","STA-NL00133",96,"automatic","background","suburban","ref","http://dd.eionet.europa.eu/vocabulary/aq/measurementequipment/undetermined",4,-999,-999,18.3535410495394,17.939416885376,18.3535410495394,15.8110791540146,15.147439956665,18.6391145435699,2,"suburban",0.199579146721514,0.188386606057471,46253.68,"B63",0.940015358094411
"64",64,5.971114,50.888056,31.0342359932088,20.1386046511628,23.4140997229917,18.7344923504868,2.950367,35.18055,8.786116,11.423143,27.678261,108.354134,5610,0,0,386580,0,2156280,0,0,6743.858887,39561.695312,93685.695312,5940.37207,0,0,35240.449219,47.761513,63074.515625,2328.811768,0,716.226318,0,0,20442.03125,0,27423.125,0,0,32884.695312,536.083313,114.584747,161746.453125,4811.183105,374976.71875,10896.618164,172.234039,13.12496,6.468241,4.181907,-0.27746,5.493981,8.747482,8.10542,15.109265,18.972116,18.742201,18.220514,14.011225,584.337891,3.948287,3.247872,4.094591,2.963338,3.647729,3.667121,2.649323,2.587481,3.205028,2.944649,2.497994,3.024914,25.9731553263177,"NL","STA-NL00136",100,"automatic","traffic","urban","ref","http://dd.eionet.europa.eu/vocabulary/aq/measurementequipment/andersenFH62IR",3,1,5,28.215736508524,34.0975875854492,28.215736508524,27.6748193225861,26.494457244873,28.1713517789037,3,"urban",0.028286003272413,0.0670611667928199,249.07,"B64",0.574404321028913
"65",65,5.986853,50.900317,17.6691502360456,12.7786363636364,17.0721109474718,15.9923536895674,2.947938,9.061819,9.315423,11.310719,9.970641,98.681236,0,0,0,416160,0,1923465,0,0,4367.78418,42259.210938,107673.492188,0,0,0,10384.922852,0,72221.46875,0,0,5634.279297,0,0,16740.136719,0,29304.087891,0,0,24078.570312,199.573334,28.404245,191633.328125,2844.081787,426063,7835.229492,71.96463,13.120667,6.465508,4.175598,-0.297828,5.483125,8.737811,8.099638,15.100677,18.968184,18.742004,18.219658,14.006255,594.487915,3.952547,3.252191,4.099056,2.965571,3.650573,3.66882,2.653249,2.585036,3.205043,2.945435,2.499317,3.025542,16.4357766634045,"NL","STA-NL00138",98,"automatic","background","urban","ref","http://dd.eionet.europa.eu/vocabulary/aq/measurementequipment/undetermined",3,-999,-999,24.6896557849205,20.6933708190918,24.6896557849205,19.0372347955704,16.4736557006836,23.9538745904766,3,"urban",0.121878220038624,0.168891104892645,10893.56,"B65",0.59470223212103
"66",66,6.018069,52.655,12.2198256296706,7.71902912621359,11.3870804369414,9.78570379436965,2.833484,0.040477,0.990782,0.337027,0.089076,2.338261,5355,0,0,5355,0,768570,0,0,219.061432,1596.721313,12072.589844,0,0,0,0,0,0,0,0,1896.111572,0,0,7526.194336,0,21050.84375,79.929321,0,1644.728149,0,0,11655.485352,138.529205,60177.0625,593.475098,0,13.263374,7.302919,4.469666,1.168565,4.354909,7.789983,8.30696,14.41097,17.656015,17.72578,17.443439,13.939535,377.819183,4.882584,3.866147,4.445088,3.384628,4.524754,3.845084,3.677722,3.300409,3.768312,3.197111,3.071948,3.345279,10.9324372654765,"NL","STA-NL00818",1,"automatic","background","rural","ref","http://dd.eionet.europa.eu/vocabulary/aq/measurementequipment/andersenFH62IR",3,-999,-999,11.1994103967554,11.2030801773071,11.1994103967554,10.9958277010918,11.015323638916,10.8152711018917,1,"rural",0.200039950384995,0.233831762278457,3313.41,"B66",0.804440053195472
"67",67,6.043064,51.120278,17.8243907916901,12.9236214285714,17.9090584088621,16.5123484848485,2.943841,2.261573,1.200389,0.984734,1.868976,34.052246,0,0,0,81090,0,136680,0,0,1447.746216,6046.570312,20200.332031,0,0,0,0,0,0,0,0,4194.680664,0,0,12385.212891,0,20057.013672,2104.896973,0,6827.640625,504.84845,55.042908,27973.773438,1580.131592,149045.671875,2894.734619,193.736343,13.590312,6.940109,4.619605,0.487699,5.75696,9.092197,8.655158,15.575103,19.476707,19.19265,18.693638,14.520478,635.788818,3.75897,3.093386,3.855896,2.805379,3.496335,3.459361,2.644658,2.541499,3.110169,2.790148,2.40103,2.874886,16.786113459295,"NL","STA-NL00107",32,"automatic","background","rural","ref","http://dd.eionet.europa.eu/vocabulary/aq/measurementequipment/thermo49i",4,-999,-999,15.5508780514729,16.5461959838867,15.5508780514729,17.2019050998688,16.7231063842773,15.8145082993914,2,"suburban",0.00496827895436389,0,0,"B67",1
"68",71,6.277508,53.331667,8.93691514437242,6.33531117397455,8.6553933747412,7.73367245657568,2.808721,0,0.240877,0.323627,0.015354,1.678427,21165,0,0,116790,0,130560,0,0,127.34211,1461.054932,3644.336914,0,0,0,0,0,0,0,0,1383.876831,0,0,6439.418945,0,17049.259766,0,0,691.228394,0,0,9194.05957,0,40147.800781,0,0,13.316465,7.877395,5.016695,1.935688,4.107092,7.356489,7.99865,13.451424,16.487421,17.168154,17.156296,14.099616,302.07193,6.5812,5.287591,5.960303,4.783916,5.935503,4.851168,4.923778,4.278379,4.648665,4.146777,4.193446,4.306225,8.25974799649904,"NL","STA-NL00934",1,"automatic","background","rural","ref","http://dd.eionet.europa.eu/vocabulary/aq/measurementequipment/undetermined",4,-999,-999,9.45815767140085,8.16706275939941,9.45815767140085,8.79593038845062,8.24053001403809,10.1077838291996,1,"rural",0.00427577306900816,0.00765200948237206,64.84,"B71",1
"69",74,6.403614,52.389167,12.8838052843194,8.77122564935066,12.7399944040291,11.6385207100592,2.801031,0.019065,0.569732,0.338171,0.060954,9.790991,0,0,0,0,0,71145,0,0,41.985432,2301.903809,12010.771484,0,0,0,0,0,0,0,0,0,0,0,4253.169922,0,19724.167969,0,0,1992.181274,0,0,24047.148438,537.991211,91275.609375,974.056519,0,12.999158,6.73562,4.13152,0.306393,4.328787,7.783046,8.079056,14.657333,18.170429,17.929939,17.520721,13.749231,401.089111,4.301132,3.442501,3.987556,3.031043,4.029137,3.499803,3.220358,3.010404,3.452869,2.884782,2.73064,3.016469,11.9476175657553,"NL","STA-NL00807",7,"automatic","background","rural","ref","http://dd.eionet.europa.eu/vocabulary/aq/measurementequipment/andersenFH62IR",3,-999,-999,11.3255220205848,10.7035732269287,11.3255220205848,11.6283441181183,11.578631401062,11.4801821282214,1,"rural",0.226316174097738,0.478416816262808,539.99,"B74",0.922045340553415
"70",80,6.5789,53.218056,30.3093596196868,21.2602635228849,18.9031085949562,17.3354752851711,2.750883,35.267494,11.386733,19.953575,34.500824,4.651087,69870,0,0,1201305,0,1529235,510,0,12394.3125,87556.4375,137042.65625,1829.124023,0,0,57624.429688,0,99844.289062,0,0,0,0,0,2785.791992,0,11702.774414,0,0,52959.640625,1088.154419,144.640488,301877.5,6660.690918,502001.46875,15965.527344,305.952698,13.050946,7.252766,4.409501,1.203851,4.047711,7.436889,8.008326,13.867744,16.813074,17.289312,17.112595,13.786443,314.269867,5.251229,4.126582,4.726176,3.680257,4.820001,4.019047,4.037537,3.565593,3.827888,3.357485,3.37127,3.495222,24.6343401825491,"NL","STA-NL00937",2,"automatic","traffic","urban","ref","http://dd.eionet.europa.eu/vocabulary/aq/measurementequipment/andersenFH62IR",3,6,2,37.220982898925,35.8218307495117,37.220982898925,29.7833064661026,24.9160995483398,36.9039753658794,3,"urban",0.479435170357014,0.498067425975729,4150.72,"B80",0.800869362262631
"71",82,6.605839,52.0925,13.6979581944865,9.27938727415555,14.4756998813761,12.552,2.857723,0,0.877792,0.544775,0.001315,21.086531,0,0,0,221340,0,802740,0,0,138.50145,5020.452637,16388.257812,0,0,0,12208.371094,0,23486.769531,0,0,0,0,0,0,0,3879.854004,0,0,2005.906372,0,0,45625.8125,515.942322,119487.640625,966.075012,0,13.087526,6.73044,4.203488,0.305479,4.688542,8.125498,8.225339,15.007507,18.588564,18.398613,17.937923,13.972703,431.243988,4.029147,3.216879,3.786003,2.853032,3.748697,3.298938,2.976403,2.772376,3.253521,2.747207,2.545506,2.840981,12.9323633546842,"NL","STA-NL00722",19,"automatic","background","rural","ref","http://dd.eionet.europa.eu/vocabulary/aq/measurementequipment/undetermined",4,-999,-999,12.796211442132,12.3063259124756,12.796211442132,13.2796479697227,12.979377746582,12.7737101204695,1,"rural",0.0184893639847458,0.0236165045467748,337.09,"B82",1
"72",83,6.608897,53.246944,12.2026593103449,8.28223809523811,10.9548789932236,9.44758949880668,2.765773,4.883247,7.039857,5.786246,5.503552,1.975677,0,0,0,91290,0,977160,0,0,3479.852295,32094.236328,83472.0625,0,0,0,29331.417969,0,62244.65625,0,0,0,0,0,6435.175293,0,12766.633789,0,0,11089.355469,193.274445,19.784138,119040.875,1143.247803,308573.5625,3264.461914,100.226036,13.089553,7.351496,4.502939,1.328331,4.036743,7.425831,8.012936,13.806911,16.755648,17.280703,17.141827,13.855826,313.424316,5.478794,4.321429,4.9385,3.871624,5.007486,4.15975,4.20968,3.684097,3.965043,3.489356,3.519862,3.635296,10.8964342594349,"NL","STA-NL00938",-1,"automatic","background","suburban","ref","http://dd.eionet.europa.eu/vocabulary/aq/measurementequipment/undetermined",3,-999,-999,18.2773105164211,19.9708843231201,18.2773105164211,13.9156060562134,11.8137493133545,18.1489738015518,3,"urban",0.0844398127793178,0.113396910518578,2010.68,"B83",0.490642782834524
"73",104,6.933333,52.876667,10.6058484257453,7.46624826629682,11.8927837573385,10.7386519607843,2.775639,0.327195,0.340444,0.242751,0.381386,10.592728,255,0,0,255,255,59415,255,0,559.421448,2085.095703,7655.095703,0,0,0,0,0,0,0,0,0,0,0,0,0,7674.111328,0,0,5264.65625,0,0,17129.404297,0,71818.703125,0,0,12.854901,6.764548,3.979133,0.540273,4.005058,7.595402,8.060267,14.202801,17.220657,17.444307,17.247822,13.675713,362.986115,4.741276,3.802156,4.376656,3.236468,4.441487,3.716752,3.630862,3.257829,3.53705,3.075537,3.061539,3.275147,10.326890477662,"NL","STA-NL00929",10,"automatic","background","rural","ref","http://dd.eionet.europa.eu/vocabulary/aq/measurementequipment/andersenFH62IR",3,-999,-999,10.690012816135,11.071888923645,10.690012816135,10.3853716511726,10.3903026580811,10.772163326765,2,"suburban",0.0187782756388219,0.0230072847222674,244.51,"B104",0.882461752191529
