FID;Longitude;Latitude;wkd_day_value;wnd_day_value;wkd_night_value;wnd_night_value;mean_value_NO2;Daily_traffic_50m;Daily_Traffic_100m;Daily_Traffic_500m;Daily_Traffic_1km;Daily_Traffic_2km;Daily_Traffic_5km
0;3,749458;51,295278;15,48644693;11,52609944;16,80704579;15,58740467;15,05613835;0;0;0;0;0;12552
1;3,916947;51,635556;14,69732734;10,69402473;16,89827277;15,57892512;14,54278983;0;0;0;5832;5832;5832
2;4,121389;51,978056;28,57706396;23,26462396;30,60009828;29,18420413;28,10466834;0;0;0;0;0;12484
3;4,227778;51,931944;31,3352681;25,13503401;33,09070775;31,87702381;30,62382874;0;0;0;0;0;18576
4;4,289172;52,078056;23,67773975;19,90135785;26,01623541;26,66839849;23,80003823;0;0;0;0;0;0
5;4,316125;52,075;36,30109783;30,7588826;30,69810797;32,17002567;33,51795714;0;0;0;0;0;79848
6;4,326953;51,911389;36,00998068;25,55268027;35,13363725;33,01020581;33,5237679;0;0;0;0;19272;31901
7;4,35527754;51,86610794;28,07641535;21,24755102;27,83461538;25,54357143;26,47688464;0;0;0;0;38004;38004
8;4,360286;51,435;18,47430598;13,80393197;18,87911647;17,99061805;17,63502886;0;0;0;0;0;35208
9;4,360564;52,039722;27,31049669;21,27927878;28,00805128;26,72120668;26,27165485;0;0;0;0;53547;55920
10;4,401389;51,921111;32,05178106;23,93817915;32,9812278;31,2841169;30,65451905;0;0;0;53208;53208;53208
11;4,431111;51,938056;40,4343543;29,93231293;37,46052885;35,53238095;37,25905718;63288;63288;63288;63288;63288;63288
12;4,45084143;51,78749847;19,15116047;13,65606796;20,55105343;17,65624372;18,295411;0;0;7776;7776;15480;18102
13;4,461667;51,926944;48,92342018;38,05270458;40,2101834;39,29661017;43,86138845;0;0;0;0;71304;71304
14;4,480289;51,915;32,85631433;24,44765972;32,21124635;32,40308913;31,05791392;0;0;0;0;0;40608
15;4,48111105;51,89111328;45,85299501;37,03893805;35,81269841;33,28154762;40,5862995;0;0;0;0;0;31572
16;4,48749971;51,89389038;29,48129697;23,03578363;28,62693798;26,45728155;27,76215987;0;0;0;0;0;9384
17;4,510286;52,298056;14,54389012;10,97187075;15,42456055;14,4832852;14,06741702;0;0;0;0;19392;19392
18;4,513889;51,652778;18,9024395;13,10569776;20,42965309;17,48174905;18,02661665;0;0;0;0;0;20000
19;4,57472229;51,86888885;42,92516593;30,46802721;36,00519231;30,92333333;37,76173316;0;0;64584;64584;64584;64584
20;4,601922;52,463014;28,82524627;23,50694823;25,6964775;23,24285714;26,53563607;0;0;0;0;0;10728
21;4,603333;52,493889;18,50605114;15,87156593;21,20437777;20,6727056;18,8530512;0;0;0;0;0;10728
22;4,642319;52,370511;30,95089079;24,01928571;23,94097349;21,30241916;27,04265507;0;0;0;0;21168;21254
23;4,708214;51,800658;24,42758087;17,53814286;23,59581721;20,47767025;22,54108603;0;0;0;0;28656;28656
24;4,715072;52,32745;24,99640669;18,22840599;24,27619048;20,94607143;23,15003743;0;0;0;40656;40656;40656
25;4,73;52,4;20,21195986;15,80777238;20,57028599;18,97208738;19,34029966;0;0;0;0;0;35501
26;4,766678;52,287428;24,41595265;21,05218598;21,65590123;20,75461165;22,76938095;17736;17736;17736;17736;17736;30853
27;4,77;52,43;26,90067797;20,00874126;28,51482387;25,83936817;25,87117145;0;0;0;0;0;5268
28;4,773589;52,333561;31,34852778;25,95445882;30,65418695;28,86892857;29,91961452;0;0;8280;14064;33018;34041
29;4,780847;51,603333;24,34578057;16,92668155;24,54079084;21,99515033;22,75518032;0;0;0;0;0;27768
30;4,79361963;52,37888718;22,21430556;17,38119362;21,89012107;20,52997573;21,05611366;0;0;0;13656;13656;19980
31;4,8166666;52,45000076;22,66009096;17,09083333;23,58860385;22,42026699;21,7975141;0;0;0;0;0;24907
32;4,82500839;51,59360886;37,61537543;24,76060902;31,78618375;26,07899563;32,68024287;0;0;32832;32832;35028;35028
33;4,832064;52,420219;31,82875872;23,28493724;31,61133268;28,88833536;29,86955573;0;0;0;0;0;30410
34;4,838336;52,138889;16,62744419;12,3804298;16,93057798;15,50329545;15,78360199;0;0;0;0;0;4440
35;4,84501123;52,38111115;50,11016329;37,26633452;38,72749631;34,72518703;43,48832508;46344;46344;46344;46344;46344;46344
36;4,86084175;52,3758316;48,76465662;38,27610619;38,52965484;37,56928571;43,2637065;0;0;0;0;46344;46344
37;4,866208;52,359714;27,57393617;20,81548431;23,41799902;22,46925837;24,81094337;0;0;0;0;0;61180
38;4,87611961;52,38500214;53,83641907;45,50061224;39,71854722;46,26064593;48,16574608;0;0;0;0;0;27259
39;4,88805819;52,3900032;39,78323619;29,85550206;31,11890838;31,75418182;35,06463218;0;0;0;0;0;27259
40;4,9000001;52,35805511;38,6723973;31,79510985;30,03059113;33,96460396;34,85650362;0;0;0;0;0;51258
41;4,90500307;52,3730545;31,33448753;25,89904632;27,3552822;28,50321429;29,08209049;0;0;0;0;0;0
42;4,923431;51,974639;17,95289773;12,7810989;18,8808631;16,847046;17,08341811;0;0;0;0;11832;11832
43;4,94389725;52,38888931;25,45340402;19,52397213;23,23817204;22,78759124;23,5426653;0;0;0;0;0;53440
44;4,988614;52,203056;35,54257318;28,42243697;30,51600295;26,27737361;32,10715437;0;0;90624;90624;90624;90624
45;4,98889446;52,32138824;24,49178959;18,29182825;21,35098912;19,87130647;22,12298893;0;0;0;0;19464;30412
46;5,050842;52,804722;12,15504735;9,687376238;13,27922007;11,96860728;11,93491873;0;0;0;4152;4152;4518
47;5,121114;52,068889;34,24735093;26,50105714;27,83954266;24,03413603;30,27351063;0;0;0;0;0;35498
48;5,125286;52,106111;31,83464753;24,20647759;25,93551552;23,38159601;28,17205501;0;0;0;0;0;26078
49;5,128333;52,102222;23,32828998;17,28495192;22,30409773;20,39018138;21,65350281;0;0;0;0;0;27827
50;5,148903;51,519444;20,03412667;15,17714578;24,83740795;22,95708831;20,53100315;0;0;0;0;0;32388
51;5,181553;52,235083;26,80089227;19,82717687;20,67269212;18,94058473;23,26486953;0;0;0;0;0;21115
52;5,235903;52,257361;20,518943;15,34873523;17,68647236;16,72847799;18,49874708;0;0;0;0;28272;28272
53;5,393333;51,4075;19,47790381;13,79870068;21,51385069;18,91384337;18,82718005;0;0;0;0;31104;34347
54;5,4289;51,44528;33,60234227;23,72130466;26,698037;23,30721717;29,09586955;0;0;35184;38488;38488;38488
55;5,472783;51,469722;27,09825103;19,95820408;23,39041968;20,65326579;24,24161698;0;0;0;0;0;25256
56;5,57349157;52,91691589;10,33011546;7,249223301;10,06403647;9,277637028;9,579690677;0;0;0;1920;1920;2640
57;5,593378;52,423211;14,29095609;9,634274809;14,07979381;12,23335784;13,15773071;0;0;0;0;29136;29136
58;5,708619;52,1125;16,78485927;10,58888283;15,54726034;13,75549398;15,02149589;0;0;0;34368;34368;40824
59;5,853614;51,541111;18,44746751;12,55658931;21,47637659;19,24455665;18,12247755;0;0;20112;20112;20112;20112
60;5,858061;51,838889;25,07799833;17,9177415;22,09036027;19,64834327;22,48568748;0;0;0;0;0;10510
61;5,858061;51,848889;37,30187622;27,76220467;27,37624376;25,48399021;31,99603715;0;0;0;0;0;10510
62;5,882236;50,903056;15,49705056;11,11899449;13,92500249;12,87526576;14,03914417;0;0;0;0;35736;35736
63;5,971114;50,888056;31,03423599;20,13860465;23,41409972;18,73449235;25,97315533;0;0;0;12504;12504;12504
64;5,986853;50,900317;17,66915024;12,77863636;17,07211095;15,99235369;16,43577666;0;0;0;0;0;7946
65;6,018069;52,655;12,21982563;7,719029126;11,38708044;9,785703794;10,93243727;0;0;0;5064;5064;6720
66;6,043064;51,120278;17,82439079;12,92362143;17,90905841;16,51234848;16,78611346;0;0;0;5832;5832;5832
67;6,093826;50,754729;14,58491087;9,935173882;11,54135956;9,785067818;12,5174637;0;0;0;8305;8305;17648
68;6,09576;50,773126;59,54395335;42,78552334;31,91796315;27,19652281;46,69354706;8305;8305;24317;24317;24317;24317
69;6,195834;51,326934;22,09064759;13,50667144;20,27776348;15,52078067;19,39826383;0;0;0;0;26721;26721
70;6,277508;53,331667;8,936915144;6,335311174;8,655393375;7,733672457;8,259747997;0;0;0;2976;2976;2976
71;6,281008;50,653234;5,968564029;3,852884892;5,902129128;4,979022277;5,455517621;0;0;0;13612;13612;13612
72;6,378081;50,266547;5,585480258;4,267102041;5,429767216;4,842666667;5,226541912;0;0;0;0;0;0
73;6,403614;52,389167;12,88380528;8,771225649;12,7399944;11,63852071;11,94761757;0;0;0;0;0;5928
74;6,439945;51,169434;35,85154443;25,47908257;27,11278989;23,5495086;30,62355911;0;72774;72774;72774;72774;72774
75;6,451483;51,033834;19,43460006;12,95669771;20,12887248;17,42793103;18,17490552;0;0;0;0;53208;53208
76;6,45889;51,16996;25,05511641;16,33034188;21,94038289;18,53761139;22,03093661;0;0;0;0;72774;72774
77;6,469463;51,097638;19,43965719;12,34141496;19,3390005;17,33496887;17,86319867;0;0;0;72774;72774;72774
78;6,552037;49,416884;9,134040738;7,943278912;9,687644231;9,92122619;9,11400936;0;0;0;0;0;0
79;6,5789;53,218056;30,30935962;21,26026352;18,9031086;17,33547529;24,63434018;0;0;0;0;26592;26592
80;6,582205;50,927107;17,00194339;11,49925501;17,11421345;14,63480198;15,7551012;0;0;0;0;0;15897
81;6,605839;52,0925;13,69795819;9,279387274;14,47569988;12,552;12,93236335;0;0;0;0;16152;16152
82;6,608897;53,246944;12,20265931;8,282238095;10,95487899;9,447589499;10,89643426;0;0;0;0;0;14147
83;6,629658;51,67286;22,80411714;14,56333812;23,8682002;21,07284483;21,32291498;0;0;0;2453;2453;21966
84;6,646718;49,754231;36,9158523;26,64540136;23,24236058;21,17778571;30,20511918;0;0;0;0;42475;42475
85;6,670194;51,342572;30,90634815;21,47594059;31,87014392;27,24504926;28,9908601;0;0;0;0;24526;24526
86;6,690258;49,784023;20,46470816;14,81706803;16,56760096;14,9985119;17,9404944;0;0;42475;42475;42475;42475
87;6,704074;51,219577;33,32871457;17,89477573;28,08091549;20,50488889;27,91812399;0;0;0;0;0;53632
88;6,727486;51,460721;31,91090782;17,66186335;25,16877069;19,07403226;26,36897379;0;0;0;0;0;45008
89;6,732353;51,249214;26,1513002;18,66573188;25,95535503;23,38313119;24,41518891;0;0;0;0;53746;74085
90;6,73354;49,357861;18,26382418;13,67247619;16,20045673;15,83533333;16,6667189;0;0;0;0;0;41121
91;6,735431;51,485492;33,18638167;24,50709395;34,51386567;30,53911111;31,59713063;0;0;0;41716;41716;65822
92;6,748363;51,52403;27,6204611;21,47252817;28,28167576;27,3826348;26,58420819;0;0;0;0;86635;106266
93;6,753639;49,322646;21,64523862;15,6545102;19,76621124;19,01235646;19,80600934;0;0;41738;41738;41738;41738
94;6,771867;51,437686;41,10175276;29,52241256;35,42883226;31,07597052;36,59063239;0;0;48301;48301;48301;94354
95;6,782538;51,213166;66,66220231;54,03259448;43,12074912;41,614202;56,26593098;0;0;0;0;85284;85284
96;6,819887;51,303394;27,75810897;20,04064011;27,24596622;24,63685819;25,86891417;0;0;0;0;107284;107284
97;6,863629;51,474935;58,03722238;44,85478814;39,94404951;35,02272283;49,02652712;126129;126129;126129;126129;126129;126129
98;6,86505;51,453459;26,95970597;19,35018302;27,36745547;24,52888608;25,37584958;0;0;140406;140406;140406;140406
99;6,867744;49,254344;21,44336598;16,62895284;16,16673529;15,49243932;18,70323935;0;0;15055;15055;15055;15055
100;6,873818;50,876179;21,43173535;13,95027318;20,7062952;16,29709518;19,34495774;0;0;0;0;86016;95190
101;6,874469;51,862042;19,8884642;13,23080622;19,91354966;17,5772661;18,4061975;0;0;0;0;0;18448
102;6,884571;51,019338;24,32058116;16,66415028;25,29079154;22,15158151;22,88664445;0;0;0;0;0;53538
103;6,933333;52,876667;10,60584843;7,466248266;11,89278376;10,73865196;10,32689048;0;0;0;0;0;0
104;6,948776;49,244247;25,98464835;17,92170748;17,75773558;16,10016667;21,54868213;0;0;15055;15055;15055;15055
105;6,957649;50,947268;48,76908346;39,28889849;37,65374747;36,32123905;43,13131638;0;0;0;106492;112808;115322
106;6,965589;51,406846;35,91111621;28,50679328;26,96667494;25,58808989;31,38799475;0;0;101453;101453;101453;101453
107;6,97688;51,525955;26,86754274;18,44317923;25,50973214;22,11959158;24,48742801;0;0;0;0;41095;73144
108;6,980991;51,49654;28,84973372;17,65165125;28,69791296;23,20493268;26,14301773;0;0;0;0;81156;81156
109;6,985074;50,889871;31,56280941;24,25143772;26,76296352;25,10815725;28,41261796;0;0;0;0;106814;106814
110;6,987601;49,233464;28,9518544;21,88153061;27,18210096;25,92534524;26,89551722;0;0;10938;10938;13318;13318
111;6,990946;51,568051;37,81363344;29,14912104;37,49162814;32,06774314;35,53935455;41095;41095;41095;41095;41095;41095
112;7,003174;49,23074;43,24620319;30,85699794;30,04560811;29,31400477;36,4164797;0;0;0;0;13318;13318
113;7,004605;50,962838;74,38604155;57,31269313;51,59404644;43,45321993;62,76132667;0;0;90842;90842;90842;111140
114;7,004976;51,028931;28,10926304;20,50066952;27,17283702;24,03765356;26,04927622;0;0;0;0;125616;125616
115;7,005276;51,477899;48,83136192;34,32324305;36,47002994;31,74207407;41,4971852;81156;81156;81156;81156;81156;88652
116;7,010934;51,031473;56,96804448;45,33141743;34,80839286;30,39739237;46,94489827;0;0;0;0;0;106559
117;7,030534;51,451176;43,06293434;31,54420414;31,86090455;29,38412129;36,89899644;0;0;22268;22268;53434;80416
118;7,036322;49,237227;16,63106161;12,37061905;16,08278902;15,79883333;15,60974781;0;0;0;0;0;11722
119;7,052573;51,183782;24,30909698;17,00484588;20,9815266;17,90685573;21,51579513;0;0;0;0;0;55843
120;7,061679;49,299373;31,02266553;28,29378151;23,08463557;29,9475;28,51047425;0;0;0;0;33464;37468
121;7,082648;50,753629;26,59966638;20,05449097;27,89138362;24,38754647;25,44983994;0;0;98709;98709;98709;98709
122;7,08406;51,17615;51,91951867;39,91435971;29,22757272;26,39842365;41,79939697;37807;37807;37807;37807;44312;44312
123;7,084555;51,527901;52,90057782;41,19098221;40,48215628;35,81239558;46,08596569;0;0;0;81156;81156;87054
124;7,101868;51,53364;27,70859634;19,25318953;26,60164532;23,63990256;25,44698825;0;0;81156;83186;86843;87054
125;7,147378;51,260684;59,68075909;46,45333569;37,70449927;35,60490909;49,63586896;0;0;0;37807;56210;56210
126;7,1864;51,560875;25,25163631;16,99872017;25,85007064;21,90060719;23,50299102;0;0;0;22268;22268;53742
127;7,193411;49,740897;5,380267484;4,147639456;5,718100048;4,968666667;5,18671744;0;0;0;0;0;15722
128;7,20726;53,36235;16,39126539;11,178178;16,99531811;14,41705007;15,35409793;0;0;0;0;20422;20422
129;7,208546;51,403007;23,46007141;15,82421788;16,46059892;14,58057039;19,49341528;0;0;0;0;0;0
130;7,231854;51,277613;26,67545087;19,9899573;22,28889717;20,48963145;23,76848031;0;0;37807;37807;37807;56210
131;7,293543;49,423116;7,38790932;5,642591837;7,681110039;7,55302381;7,141002779;0;0;0;0;0;0
132;7,31747;52,49855;14,66727374;10,43695918;17,11570822;14,45765319;14,42449627;0;0;0;0;13010;13010
133;7,331409;51,641377;21,38138399;14,33113653;20,15098205;18,04178571;19,42746989;0;0;10579;10579;10579;10579
134;7,457409;51,536893;28,8741073;21,2557657;28,51345545;25,37951911;27,0043072;0;0;21070;21070;21070;75444
135;7,460718;50,431439;28,84755537;22,86080272;25,03844231;24,91478571;26,42574036;0;0;0;0;10071;24194
136;7,46355;51,362818;59,67993769;44,17750744;37,83823469;33,34817136;49,01890109;0;0;100180;100180;100180;100180
137;7,464249;51,5196;43,14015256;32,8598443;34,03987148;33,27913309;38,0761203;21070;21070;21070;69402;75444;75444
138;7,481378;50,424685;24,07241418;16,8459932;23,30460577;21,81867857;22,29850003;0;0;11687;11687;11687;25981
139;7,483562;51,523543;59,11034104;47,09609375;39,62862275;37,70735043;50,14502857;0;0;0;0;93568;93568
140;7,567969;47,819019;19,65518395;15,69346939;19,94480161;18,8247205;18,89043648;0;0;11071;11071;11071;15384
141;7,569761;51,592208;23,55737909;16,28926407;26,09847685;22,83638539;22,70933344;0;0;0;0;0;0
142;7,582247;51,448797;24,70704037;16,63705128;23,78343424;20,45710269;22,5452374;0;0;0;0;29913;29913
143;7,592242;50,359373;48,783366;36,03993878;32,46410992;29,6474491;40,64804109;0;0;0;38485;54892;54892
144;7,596633;50,354403;39,5645528;30,60097959;29,64975481;28,38869048;34,43217149;14190;14190;14190;14190;30819;33204
145;7,611583;51,936535;19,96912529;13,67539985;19,15223214;17,521181;18,34268452;0;0;67500;67500;67500;67500
146;7,614573;49,191996;18,4116;12,93764626;14,07484615;12,11009524;15,73623839;0;0;0;0;0;22128
147;7,619377;51,953278;47,96047646;37,06705841;27,54757937;25,09127004;38,84730644;0;0;32425;32425;32425;38706
148;7,633271;47,588152;19,32384272;14,21020408;16,9487707;15,42866005;17,4133532;32984;32984;32984;32984;32984;32984
149;7,693785;51,547479;22,05514064;15,65095477;21,92455897;19,83689273;20,59294313;0;0;0;0;0;92660
150;7,729909;50,424289;8,987987737;6,761525659;7,763453133;7,829126214;8,1619761;0;0;0;0;0;17959
151;7,764528;47,809892;4,125692695;2,958835759;3,058101969;2,525125628;3,496811004;0;0;0;0;0;0
152;7,7673;49,446;22,86294035;16,87291837;18,95389479;18,35732143;20,36215209;0;0;0;0;36374;41905
153;7,802317;48,578178;25,33379021;18,28217687;25,56061214;22,79652174;23,80298637;0;0;0;0;0;0
154;7,826407;49,270263;5,243673006;4,005163535;5,10650519;5,107618469;4,962149861;0;0;0;0;0;0
155;7,832122;48,001511;20,03221722;15,06938776;18,74506048;16,60571429;18,45411687;0;0;0;0;32936;32936
156;7,85992;47,9882;63,554404;50,58877551;31,29658806;23,61853234;49,60091176;0;0;35692;35692;35692;35692
157;7,866222;49,841221;26,67244154;20,03307483;19,77394027;17,65508333;22,90650394;0;0;0;28696;28696;34535
158;7,908035;47,913256;2,615807886;1,788851852;1,716038522;1,333432642;2,121930674;0;0;0;0;0;0
159;7,94257;52,99796;12,92166017;9,515742025;15,80494149;14,12221629;13,07374809;0;0;0;0;0;0
160;7,973542;50,766815;8,433328636;6,031276006;7,256040039;6,860157767;7,545662196;0;0;0;0;0;0
161;8,04147;52,2703;53,69417722;39,05152975;34,00431905;29,71092141;43,93292044;0;6285;6285;6285;6285;6285
162;8,05286;52,25534;18,95793228;13,87905442;20,06;17,50204724;18,11426833;0;0;0;6285;6285;17956
163;8,059909;50,386426;55,75205633;38,83846097;31,38679683;26,81791237;43,9735341;92447;92447;92447;92447;92447;92447
164;8,060998;50,383217;23,68178483;16,59755895;22,54119208;20,05492718;21,71542375;0;0;93041;93041;93041;93041
165;8,09059;53,59617;10,73482691;8,09452251;11,27083826;10,47740448;10,33501712;0;0;0;0;0;29432
166;8,148023;51,570675;13,34835893;9,060241327;13,51418462;10,98946701;12,34640056;0;0;0;0;37227;37227
167;8,191907;50,930329;6,23587108;4,29759885;5,447801873;5,148163772;5,575449672;0;0;0;0;0;0
168;8,212084;53,142836;59,84799605;48,87062284;32,44724973;35,20899604;48,88650917;0;0;0;0;0;22791
169;8,216803;50,01755;23,44656608;17,91289796;23,38018278;21,62932143;22,20365759;0;0;0;0;62196;62196
170;8,220214;48,773072;17,56505587;13,77170068;16,23693467;14,86405473;16,26905449;0;0;18486;18486;18486;27393
171;8,228865;50,072119;61,32744564;48,28769388;36,62207212;34,07409524;50,36589443;62196;62196;62196;62196;62196;62196
172;8,230316;50,077191;61,46643783;46,3627774;34,46905679;32,75553571;49,42723063;62196;62196;62196;62196;62196;62196
173;8,244949;50,050343;29,71052052;23,12880272;28,68218855;26,27025;27,88437423;0;0;62196;62196;90336;90336
174;8,253538;49,052284;18,44284322;13,67387075;19,51830769;16,92847619;17,64630505;0;0;0;0;45076;45076
175;8,261131;50,001026;57,24753463;44,21148501;37,66091346;34,37877381;47,92301911;0;80346;80346;80346;80346;88173
176;8,2658;50,00987;40,02159424;30,58104716;34,19684033;29,95066748;35,87741275;0;0;80346;80346;89821;95165
177;8,268996;49,998837;49,90456877;36,63213599;35,2789319;33,3040024;42,31318552;0;0;0;80346;80346;88173
178;8,273979;49,995016;37,52650975;28,45676871;29,75902404;28,42435714;33,08266699;0;0;0;0;77537;88173
179;8,3553;49,5333;36,18339701;27,35181633;29,22641346;27,07767857;31,97755523;0;0;0;38364;39131;39131
180;8,355628;49,028594;22,08028484;15,1985034;25,06449348;21,65801242;21,43977877;0;0;72382;72382;72382;72382
181;8,360797;51,442993;13,69904335;7,417291066;12,24710317;7,539519704;11,57019777;0;0;0;7144;7144;7144
182;8,3649;49,6287;28,59414655;22,36597781;27,31588663;24,49311893;26,71290703;0;0;0;38364;38364;38364
183;8,38719;49,00796;46,60100531;34,82129252;32,54733936;29,41080745;39,37397785;0;0;145891;145891;145891;145891
184;8,39062;48,22915;46,04559194;34,27358747;25,37782238;20,86869565;36,48460821;0;12940;12940;12940;12940;12940
185;8,402331;49,514959;22,45598247;16,73444996;23,52938916;20,41689189;21,42754067;0;0;0;0;0;31011
186;8,40666;49,07655;21,612266;15,37306122;21,49949875;18,18111801;20,0702207;0;0;72382;72382;72382;72382
187;8,423;49,351124;27,73926193;21,36713605;28,63962019;25,04241955;26,48305255;0;0;50765;50765;50765;50765
188;8,425897;49,455508;32,92326166;22,80645578;30,0768388;26,17980952;29,67629775;38662;38662;38662;38662;38662;51773
189;8,44385;49,478498;52,28596952;39,13330584;37,63376339;35,12257449;44,65747069;74891;74891;74891;74891;74891;74891
190;8,446079;50,221941;8,010077093;5,915870748;6,024386724;6,11802381;6,958201674;0;0;0;0;0;13205
191;8,451527;50,010325;28,2952484;21,41504762;30,79579457;27,949118;27,5471373;0;0;0;123214;123214;123214
192;8,463597;48,048656;13,60097629;9,903401361;14,74039563;12,82335484;13,09390744;0;0;0;0;0;0
193;8,465281;49,544078;25,68719184;19,28287293;29,35776081;26,56717364;25,42507435;0;0;16642;16642;16642;16642
194;8,47204;49,49256;50,63037904;39,97693878;38,80040161;38,72484472;44,65063062;0;0;0;59443;59443;59443
195;8,500619;50,567185;31,21981153;22,50980952;25,39921294;22,81386905;27,37434077;0;0;0;0;20836;20836
196;8,516798;49,825165;16,10844604;11,89488324;19,24206564;17,75448687;16,20872835;0;0;0;0;0;97594
197;8,52628;49,00371;47,21272677;32,02469388;26,1635725;20,45808458;36,76000356;13278;13278;13278;13278;13278;35380
198;8,542517;50,10175;41,8056105;33,82602041;35,78794132;33,22517857;38,03572621;0;0;0;0;0;79287
199;8,548362;52,023155;25,06787651;16,95066239;21,37691654;19,31194342;22,09475639;0;0;0;0;34531;38325
200;8,55279;52,00562;40,63456302;29,13149059;25,23426994;20,74901003;32,88290297;0;34531;34531;34531;34531;38325
201;8,569405;53,562455;21,73154691;17,77953623;19,5991861;18,97541087;20,20858887;0;0;0;0;0;30624
202;8,576305;50,075464;26,91367862;19,78248377;20,98252042;17,55093484;23,25148538;0;0;0;0;64810;137422
203;8,59876;53,585262;44,49725111;24,79134014;28,98530347;22,189118;34,92583928;0;0;0;0;0;0
204;8,625456;53,180946;21,07919337;15,84413605;19,13785818;16,87185936;19,21911845;0;85933;85933;85933;85933;85933
205;8,642;49,643238;42,28453267;31,17456463;22,3305106;18,59652381;33,1613898;0;70532;70532;70532;70532;70532
206;8,653745;49,869457;71,46838799;52,49006127;30,6837999;27,70229762;53,97465332;0;134051;134051;134051;134051;134051
207;8,664619;49,872303;24,64994764;19,44564329;21,38841751;20,50277381;22,48712785;0;0;134051;134051;134051;134051
208;8,665536;48,889039;26,59159218;19,06272109;20,07802308;17,47204969;22,73814385;0;0;13278;13278;13278;13278
209;8,668579;50,584108;50,00419177;38,67646698;33,73685426;33,33547419;42,38585739;0;0;0;0;0;62130
210;8,6767;49,419528;27,92103208;20,94707483;21,28540622;19,63383085;24,22349109;0;0;0;0;56650;66312
211;8,684397;50,532965;17,35611356;13,34997941;18,14568062;17,98210275;16,84065056;0;0;0;0;0;16463
212;8,691911;50,124589;55,07895362;41,34895918;38,68673077;40,09752381;47,13400354;0;0;0;69845;69845;69845
213;8,69506;53,1177;14,47169665;10,73070451;15,64034151;13,41728916;13,93695573;0;0;0;45235;45235;54260
214;8,700103;49,300731;18,41469524;13,49625085;17,6214178;15,38798017;17,00071453;0;0;0;0;0;88677
215;8,735047;53,124561;22,2265071;16,05193197;22,04834787;19,21854762;20,72150635;0;0;0;0;0;65584
216;8,746343;50,125332;36,94605977;26,38393878;32,16080598;30,14921429;33,14756244;21287;21287;21287;21287;40874;56605
217;8,769324;50,804258;22,21582415;16,63704082;22,74425604;22,02302741;21,26065427;0;0;0;38716;38716;38716
218;8,770508;50,807167;43,84107551;32,31219834;26,66364746;26,99890097;35,95121846;0;0;0;38716;38716;38716
219;8,784892;50,101494;43,57845492;30,8431276;34,03904394;30,24777913;37,61180179;21287;21287;47403;47403;47403;78441
220;8,80122;53,83017;11,29903136;9,784102041;11,545077;11,06554248;11,04681866;0;0;0;0;0;11781
221;8,81578;53,077151;24,03042921;17,78561972;22,60164483;20,57542787;22,17170718;0;0;0;0;0;48775
222;8,817251;49,653465;8,670090959;6,957306122;8,090423484;7,681011905;8,111632158;0;0;0;0;0;13632
223;8,825173;53,078663;48,44308312;34,38806496;29,92214876;28,82605012;39,48790167;0;0;0;0;0;49660
224;8,904442;48,645608;14,97613986;11,74877551;14,66865597;13,70784558;14,16740341;0;0;0;0;126733;126733
225;8,916966;53,060045;24,92844722;17,03449454;24,34155181;18,75103241;22,69677496;0;0;0;0;0;0
226;8,92157;50,13577;27,85177686;21,20153061;26,55667788;25,7487619;26,07641925;0;0;0;0;30811;48854
227;8,928171;51,430897;8,98790573;7,018002774;9,70864786;9,393737864;8,822942068;0;0;0;0;0;0
228;9,001981;49,672507;17,0057368;13,53753742;16,00469932;14,74661905;15,89163106;0;0;7039;7039;11013;11013
229;9,01652;48,80102;52,59094708;38,36517007;33,83997991;29,32952854;43,20138608;114882;114882;114882;114882;114882;120808
230;9,031754;51,154843;6,946122222;5,533673469;6,399321048;6,308702381;6,486186957;0;0;0;0;0;0
231;9,051178;48,507703;22,16908685;16,18190476;20,59804217;19,67890819;20,41745308;0;0;0;28652;28652;28652
232;9,05802;48,52023;60,62955747;41,15544218;35,66027122;30,5719603;48,11250572;0;0;0;26116;27807;28652
233;9,06255;52,17017;14,3430846;10,92219048;15,267638;12,78881046;13,76359138;0;0;2270;2270;2270;2270
234;9,117973;49,991518;29,30997247;24,38408844;34,58852333;31,67553571;29,85379841;0;0;0;0;96929;96929
235;9,156908;53,896117;25,4165441;22,92850238;23,81086265;23,49841667;24,37764748;0;0;0;0;0;0
236;9,169289;47,664361;22,79796714;17,43321775;20,07759315;18,72446675;20,7404496;0;0;0;20253;22191;22191
237;9,171544;49,869422;18,6922522;14,59346259;16,02106782;15,18760714;16,94175837;0;0;0;0;0;14051
238;9,172792;48,899233;24,86529248;18,06564626;28,28498741;24,58931677;24,35805145;0;0;0;0;8106;8106
239;9,18072;48,78313;63,32151439;51,05901974;45,69453086;50,75763975;55,59234079;0;0;49042;54467;61443;61443
240;9,18449;48,76871;82,24883008;65,70224643;52,11510286;51,28432836;68,97340274;0;70743;70743;70743;70743;70743
241;9,19003;48,8892;62,0875;45,62054422;40,45323633;33,70646766;51,09696637;0;0;8106;8106;8106;8106
242;9,19101;48,7881;85,13840985;67,38374317;60,08997986;57,40634328;73,15150748;49042;49042;49042;49042;59892;59892
243;9,20732;48,488887;27,18105322;19,61931973;23,48941295;21,975;24,36594647;0;0;36260;36260;36260;46430
244;9,207639;48,345778;6,63525;5,288292011;6,855555556;6,81641791;6,448394364;0;0;0;0;0;10159
245;9,21079;48,48933;74,11323857;56,14285714;43,27792273;40,32238806;60,13039067;0;0;36260;36260;36260;46430
246;9,224786;49,165508;26,99411765;17,5607483;28,38009096;23,43548387;25,18836153;0;0;36262;36262;36262;72015
247;9,22589;49,146;71,00362016;53,11129252;35,88575013;32,49342432;55,56652243;0;0;96188;96188;96188;96188
248;9,227769;48,678069;27,79426894;21,30251701;29,71369794;26,71873449;26,91231982;0;0;0;70743;70743;70743
249;9,229745;48,8088;30,99779514;22,55897959;30,98174524;27,97873134;29,09905041;0;0;0;0;0;51593
250;9,271233;51,360755;9,657933999;7,521572802;7,761774115;7,119351741;8,557771679;0;0;0;0;0;0
251;9,363674;54,616669;8,879652677;7,428835714;10,16391679;9,9510375;9,011120409;0;0;0;0;0;0
252;9,399441;50,16443;7,832517213;6,206122449;7,713365385;7,79027381;7,49033507;0;0;0;0;0;2289
253;9,43809;54,78143;39,04762693;31,90133333;22,64675012;22,85030952;32,23885582;0;0;0;0;0;13120
254;9,459402;50,770381;8,750637066;6,833163265;8,684747475;8,353488095;8,331892252;0;0;0;0;8397;8397
255;9,483397;51,314248;22,10938957;15,86540816;22,37365877;20,06560714;20,78833507;0;0;0;0;60340;60340
256;9,485675;47,660056;25,42922132;17,84836735;21,44894684;19,72844721;22,49463387;0;0;0;0;19548;19548
257;9,49112;51,312076;48,18923717;33,24501702;29,26333333;30,36355185;39,13886715;0;0;77082;77082;77082;77082
258;9,511769;53,928028;43,45388611;33,52535368;25,92289116;23,05599515;35,44603438;0;0;6055;6055;6055;6055
259;9,55462;51,70884;9,028293229;7,279918367;8,266477516;7,883887435;8,404893724;0;0;0;10675;10675;10675
260;9,62295;52,82943;12,91715206;10,29783526;13,11357066;11,63264744;12,34266714;0;0;0;0;0;0
261;9,657919;49,634841;14,5058873;10,58734694;13,95178841;13,04291045;13,48823922;0;0;0;0;0;9991
262;9,680167;50,546384;21,65587797;15,84772917;22,188648;21,08451456;20,62199835;0;0;49582;49582;49582;49582
263;9,684854;50,550028;48,16728884;35,09076871;29,92223558;30,11954762;39,6136303;0;0;49582;49582;49582;49582
264;9,68503;53,52418;13,33375727;10,52789116;14,21602653;12,66142112;12,94533868;0;0;0;0;0;18365
265;9,688869;47,557473;29,92611525;21,99659864;18,70392308;16,42372619;24,4578388;0;0;0;0;33711;33711
266;9,70612;52,36292;19,16333333;14,27999318;20,18035013;16,19066929;18,1922093;0;0;109104;109104;109104;109104
267;9,7155;52,359478;54,0736172;38,1480068;36,6745281;25,29986859;44,15717033;109104;109104;109104;109104;109104;109104
268;9,733231;49,107878;20,13544734;14,35540915;19,48613811;17,30594937;18,61041425;0;0;0;18509;18509;18509
269;9,774588;51,291757;6,847317687;5,257115118;6,454202335;5,573264563;6,329484673;0;0;0;0;0;0
270;9,786234;53,568124;26,28556314;24,75325397;23,13337143;25,87916667;25,20446846;0;0;0;0;0;63706
271;9,80026;50,970024;17,79240894;13,16256463;14,72965385;12,99447619;15,72436045;0;0;0;0;15026;15026
272;9,800325;48,089886;16,95677564;12,74884354;17,86069277;16,92757764;16,36770236;0;0;0;14109;14109;24898
273;9,832702;53,532075;16,4439414;11,88634877;18,32633782;14,70040476;15,85796704;0;0;0;0;0;0
274;9,84408;53,535958;19,10226681;13,26143537;19,38519;15,35497619;17,70020533;0;0;0;0;0;0
275;9,857223;53,480927;13,60300664;10,31592517;13,93602021;11,23454762;12,83061731;0;0;0;0;40095;40095
276;9,92833;51,5302;45,79028381;34,87155077;30,81466133;26,6881746;38,32565224;0;0;0;69507;69507;69507
277;9,935862;50,497711;5,776546961;4,222897959;5,343221154;4,560428571;5,261620208;0;0;0;0;0;5549
278;9,943012;53,555668;56,29864595;45,19608163;34,13707692;32,5525;46,64577003;0;0;0;0;63706;63706
279;9,94458;53,564399;52,01148076;38,02323129;37,52282212;33,15382143;44,10140411;63706;63706;63706;63706;63706;63706
280;9,944815;53,545269;30,85791309;26,32685714;30,90871992;28,41846429;29,77462322;0;0;0;0;0;63706
281;9,947654;49,790526;47,44463056;29,46369408;31,27197436;23,48670038;37,88735021;52289;52289;52289;52289;52289;54215
282;9,94976;51,55107;17,17883005;13,17469388;15,15826525;13,56087467;15,59048341;0;0;0;9509;9509;52193
283;9,95642;49,804695;26,7143204;19,18776618;23,53385063;22,23587515;24,09691772;0;0;52289;52289;52289;54215
284;9,957236;53,560632;58,79764755;40,89657143;40,12879211;33,93535714;48,575116;0;0;63706;63706;63706;63706
285;9,967882;53,56414;26,89557616;21,07906164;26,40176209;24,31278986;25,4241142;0;0;0;0;63706;63706
286;9,979031;48,396836;29,44676299;22,82278912;27,5814257;23,99602484;27,22180784;0;0;59121;59121;59121;59121
287;9,981599;53,529158;37,63183832;22,19028571;33,737;27,13422619;32,76347516;0;0;0;0;0;92556
288;9,990569;53,50793;26,48881798;19,31623129;26,84426577;23,96429762;24,96681091;0;0;0;0;106981;106981
289;9,997256;53,681993;48,55433536;34,88584354;30,65613308;23,0129559;39,25682404;0;16195;16195;16195;16195;16195
290;9,998009;53,638291;23,4041807;18,17167131;20,55621331;17,70688943;21,1868256;0;0;63706;63706;63706;63706
291;10,008293;48,397079;30,71195652;24,26338776;30,43848558;28,94747619;29,25049983;0;0;0;0;0;59121
292;10,021227;53,523262;36,08154806;24,6580599;32,50637438;26,04903457;32,09893625;0;0;106981;106981;106981;106981
293;10,053859;53,592301;74,56284325;51,86378231;42,89877413;32,60059524;58,70374395;0;0;0;0;0;63706
294;10,081685;53,52902;26,52355143;16,09580952;27,55148649;20,9293087;24,2492763;0;0;0;0;0;84478
295;10,096292;48,847917;20,84728443;14,9668956;22,12134945;19,60362954;19,91211586;0;0;0;0;0;20759
296;10,1056;54,34761;14,52629989;10,29081186;12,37821092;9,974674157;12,77460235;0;0;0;44334;44334;44334
297;10,110595;53,63074;18,05361726;13,92568707;16,33444444;15,0659881;16,57348187;0;0;0;0;0;0
298;10,116563;54,309674;17,61946533;14,6295614;15,97461145;15,5113555;16,45755558;0;0;69508;69508;69508;69508
299;10,122364;54,304242;70,08306993;53,7647619;43,71244326;28,18260714;56,70557988;69508;69508;69508;69508;69508;69508
300;10,135158;54,304676;52,68856985;38,36990244;28,84816109;24,23133657;41,57470413;0;0;69508;69508;69508;69508
301;10,232076;50,048397;27,03344818;20,16637415;20,05001442;17,98021429;23,200499;0;0;41870;41870;41870;41870
302;10,23854;51,50758;11,78242821;9,338915746;12,14987034;11,49418758;11,377032;0;0;0;6595;6595;6595
303;10,240596;54,09323;9,056456432;7,232517007;10,09377286;9,604488095;9,008212992;0;0;0;0;0;10648
304;10,306561;47,72514;22,07233673;17,50261224;19,60162019;16,8485;20,11613892;0;0;0;29164;29164;29164
305;10,317236;50,978292;14,41919878;9,825639456;14,81095192;13,0354881;13,50572769;0;0;0;0;6554;9743
306;10,325;49,44406;11,72679394;9,626877761;13,43348011;12,58198454;11,81461048;0;0;0;0;0;6090
307;10,375299;50,561754;9,249682451;6,511414702;9,995742718;8,663191748;8,849884781;0;0;0;0;0;0
308;10,404232;47,518013;8,243133793;7,654441417;5,200841751;5,102991657;7,107585508;0;0;18818;18818;18818;18818
309;10,42275;51,61365;25,62380039;20,50267529;20,06317965;17,57028871;22,55738956;0;0;0;0;697;1656
310;10,448432;51,205226;32,01518539;20,52392517;20,97520482;15,30599761;25,6064559;0;8508;8508;8508;8508;8508
311;10,450997;51,207944;16,32838415;11,68581633;15,04080288;13,21294048;14,84080963;0;0;8508;8508;8508;8508
312;10,45591;52,15369;17,1179949;13,34815825;16,49454004;14,35040897;15,98790953;50156;50156;50156;50156;50156;50156
313;10,4565;53,24696;17,27430881;12,56425749;17,80660256;13,24859396;16,12049137;0;0;15399;15399;15399;17519
314;10,47364;52,22694;13,95162636;10,62661224;15,06507154;13,2747769;13,51893448;0;0;0;0;0;65964
315;10,48132;51,90158;11,29124861;8,649323672;8,746608187;7,294588859;9,801523784;0;697;697;697;697;14234
316;10,54055;52,26673;42,48789385;31,38800833;26,44962234;21,15947791;34,52371616;0;0;0;0;0;43862
317;10,572297;49,304889;37,99016561;26,56782993;27,39006731;21,87166667;31,75555456;0;0;6090;6090;39610;39610
318;10,59772;48,95218;14,32767313;11,67091899;17,69742761;16,20390476;14,80263594;0;0;0;4550;4550;4550
319;10,61248;51,75816;6,014269788;5,012482947;5,647735546;5,09091623;5,648244755;0;0;0;0;0;2616
320;10,618275;51,798629;3,923051695;3,045534377;3,616592878;2,986284349;3,593723217;0;0;0;0;0;0
321;10,664881;53,87453;37,70160562;30,9580068;27,53482376;22,25314286;32,52516609;0;0;0;0;0;63912
322;10,668641;50,653245;14,88137797;11,41543907;16,29292788;13,35341667;14,41176232;0;0;23704;23704;23704;24703
323;10,67332;53,862237;30,70436639;23,75238776;24,22943187;20,21179976;26,83923685;63383;63383;63383;63383;63383;63853
324;10,693092;50,61153;34,56991439;22,46096049;22,44143269;17,04479762;27,7066545;0;0;0;0;0;16845
325;10,695936;53,835492;13,80680111;10,60309946;13,94936477;12,42986905;13,09937956;0;0;0;64088;64088;64088
326;10,756733;52,800773;6,528772237;5,1;7,396407915;7,333635236;6,539858686;0;0;0;0;0;0
327;10,769534;50,654066;5,080335097;3,428575478;4,245494726;3,368411911;4,403902397;0;0;0;0;0;0
328;10,775796;53,698939;42,04064516;30,7405042;24,68586006;23,17977941;33,95987274;0;2368;2368;2368;2368;34655
329;10,787135;50,619181;5,080335097;3,428575478;4,245494726;3,368411911;4,403902397;0;0;0;0;0;0
330;10,790143;51,839382;14,43933946;10,99218367;13,47796439;11,25810263;13,2508646;0;0;6031;6031;6031;9421
331;10,791404;51,497195;18,2206844;12,09940934;15,53953208;12,5036899;15,87188198;7933;7933;7933;7933;7933;10644
332;10,793683;52,427886;39,10930401;26,70421088;25,24220627;18,68394771;31,49946716;0;0;0;0;38673;38673
333;10,81638;52,44081;19,23878771;13,95293878;18,61145811;15,45158377;17,72190906;38673;38673;38673;38673;38673;38673
334;10,867188;51,333333;6,105524495;4,822836735;5,885892256;5,2085;5,723478722;0;0;0;0;0;7933
335;10,887686;49,89833;24,74015152;19,05627891;24,09053846;22,55909524;23,29511969;0;0;0;0;0;18238
336;10,88837;48,376576;27,50867052;20,56476871;25,28088547;22,96495238;25,22286248;0;0;0;0;97957;97957
337;10,895029;48,364589;30,85375723;22,81368027;25,8389375;24,67;27,53938004;0;0;0;0;97957;97957
338;10,896221;48,370237;55,88103534;41,66527891;31,07052885;30,19220238;44,81945324;0;0;0;0;97957;97957
339;10,903051;48,326013;18,23002492;13,6692449;20,57767677;18,72558333;17,96746568;0;0;0;0;103241;103241
340;10,963528;49,605914;17,77750758;13,76899171;20,45946937;19,93827918;17,85833085;0;0;0;0;0;77596
341;11,019353;50,984874;41,3160927;29,89423024;27,15038574;20,35838592;33,7717404;0;0;0;0;0;0
342;11,0248;49,462229;30,26465398;20,80106803;31,20888942;25,66122619;28,24846245;71553;71553;71553;71553;71553;71553
343;11,02792;49,32273;22,3372161;16,08398639;23,77600869;19,90553571;21,25710578;0;0;0;73727;73727;73727
344;11,036096;49,440478;51,80154656;33,36567347;37,99361969;27,66391667;42,70352816;71553;71553;71553;71553;71553;74946
345;11,037924;50,979455;22,49467165;15,81112245;18,01789904;16,37208333;19,57261277;0;0;0;0;0;0
346;11,043386;51,662435;4,740913649;3,593380952;4,379518768;3,580202864;4,325745708;0;0;0;0;0;1462
347;11,056578;50,993127;13,20464009;9,177115646;15,78395192;14,04179762;13,13134373;0;0;0;0;0;22486
348;11,05722;47,47706;10,76421271;9,33655102;9,96969216;9,772995227;10,20870392;0;0;9171;9171;9171;9171
349;11,057442;51,896982;13,07960134;9,62574896;14,27925157;12,1599635;12,61977115;0;0;13803;13803;13803;13803
350;11,088444;49,44591;36,21315514;29,02553742;33,04057212;31,18975;33,61028865;0;0;0;0;0;92033
351;11,134593;50,499955;5,916264224;4,615272109;5,524134755;4,532904762;5,443343523;0;0;0;0;3721;3721
352;11,16705;52,95702;10,03065706;8,125183673;10,77073248;9,49054902;9,79247932;0;0;7115;7115;7115;7115
353;11,172327;52,593136;6,486040897;4,978523352;6,993290829;6,252266187;6,297404233;0;0;0;0;0;0
354;11,220172;47,968753;7,882009967;6,043571429;6,674773166;6,637353993;7,1258552;0;0;0;0;0;0
355;11,321017;50,982185;17,12441119;12,15629932;18,25621934;15,2260119;16,26678237;0;0;0;0;60339;60339
356;11,32607;50,977462;27,0534609;19,64438776;20,3539442;17,44653571;23,13214059;0;0;0;0;60339;60339
357;11,362965;53,302352;6,019386062;4,75585034;6,698566485;5,881666667;5,927306083;0;0;0;0;0;10236
358;11,368875;50,651182;14,70010497;10,48721088;14,15516595;12,71184524;13,5785435;0;0;8590;8590;8590;8590
359;11,398332;53,631805;22,88273103;15,97816327;15,2387715;10,96571429;18,61263093;0;0;0;0;4584;7695
360;11,428766;48,769444;27,63669053;19,92033356;24,10283654;21,01780952;24,69514482;0;0;0;14122;75091;75091
361;11,442591;50,103135;22,58493919;15,06948299;21,5734749;17,60671429;20,43848224;0;0;64992;64992;64992;64992
362;11,449471;51,759516;33,52242837;21,85957143;21,44494231;14,66190931;26,62909998;12629;12629;12629;12629;12629;12629
363;11,46445;48,18169;26,62030829;18,80091837;25,17256731;21,96833333;24,34315522;0;0;0;0;0;50195
364;11,536513;48,149606;96,39971002;75,64773469;58,91425481;47,67838095;78,88171786;28348;28348;28348;28348;70634;75958
365;11,554669;48,154534;35,6210732;23,53015646;30,57602404;26,79925;31,27666562;0;0;0;0;28348;78720
366;11,564924;48,137252;64,72277503;48,10632653;40,20925962;43,70416667;53,71941371;0;0;0;0;0;71526
367;11,570088;49,943637;33,90814743;24,89211565;24,53834135;21,70152381;28,79736625;64992;64992;64992;64992;64992;64992
368;11,597062;50,933513;16,2964844;11,36653742;18,02287157;16,28728571;15,76761538;0;0;66482;66482;66482;66482
369;11,611464;52,127899;17,7264248;13,26524332;20,64387735;17,26542413;17,52740268;0;0;0;18176;18176;20272
370;11,631919;52,131742;31,74819872;21,64973288;24,56428296;19,75648746;26,97215754;0;0;0;18176;23062;23062
371;11,632669;52,12076;43,74494997;29,62993197;27,24831569;19,58612172;34,82776426;0;0;0;0;18176;20272
372;11,661233;50,791616;6,009259882;4,56255814;5,921686567;5,568046972;5,670826579;0;0;0;0;0;0
373;11,73846;52,99875;8,650346933;6,645646259;9,576286961;8,241380952;8,450011956;0;0;0;0;0;2862
374;11,738962;51,803534;19,90931755;13,80829252;18,71440694;14,18603819;17,91764079;0;0;0;0;8256;8256
375;11,777818;48,853211;11,7288963;9,199916782;12,26009718;11,44492718;11,34661764;0;0;0;0;0;0
376;11,850274;52,602056;10,43666574;7,431530612;12,27654634;9,873007246;10,2486441;0;0;0;0;0;9615
377;11,864763;52,268354;12,11610987;8,696768707;15,58416988;12,86304296;12,36167185;0;0;5383;7555;7555;7555
378;11,879245;48,909518;24,0827378;19,45794558;18,05154808;16,859;21,07785241;0;0;0;0;0;79534
379;11,891412;51,837306;9,107815642;6,972877551;10,77646946;9,875369928;9,171559703;0;0;0;0;0;0
380;11,897492;50,320611;17,02160606;11,72022449;18,83645673;15,32097619;16,28196165;0;0;42163;42163;42163;42163
381;11,948795;48,904228;21,04740144;15,30176144;18,65135659;15,69446602;18,87270358;79534;79534;79534;79534;79534;79534
382;11,96096;51,197249;19,36049888;13,31319048;13,51176241;10,80358354;16,00112999;0;14654;14654;14654;14654;14654
383;11,979056;51,496185;17,15283124;12,02223129;18,68566619;15,74260143;16,40622721;0;0;35381;35381;35381;35381
384;11,981314;51,494756;54,88911068;34,66214286;35,58784124;22,44305489;43,35071401;35381;35381;35381;35381;35381;35381
385;11,983406;51,475164;31,62069152;20,29754508;23,79961994;18,27235075;26,33047127;10531;18814;18814;18814;18814;18814
386;12,032141;51,321364;12,62095411;9,463578231;14,13573985;12,71602625;12,38926694;0;0;0;0;0;12942
387;12,064708;53,817775;6,805209199;5,842867133;7,299352267;7,174327628;6,774713196;0;0;0;0;0;0
388;12,0749;50,877923;17,09832133;11,95581633;16,83898077;14,51757143;15,81126311;0;0;0;0;0;29975
389;12,080003;54,17133;12,76996418;10,34326531;12,10571581;10,75333333;11,95752137;0;0;32422;32422;32422;32422
390;12,09792;54,17729;17,86875691;17,91183673;17,03755482;15,40203804;17,44413172;0;0;0;32422;32422;32422
391;12,099553;54,09262;35,34962738;24,3085034;20,5464497;15,76190476;27,85649264;0;0;0;0;0;26026
392;12,101557;49,015245;48,61770569;37,91318367;33,16565657;33,29580952;41,44046159;0;0;0;0;74278;74278
393;12,128139;49,321955;20,94430105;15,26629932;20,41413462;18,61735714;19,5149331;0;0;0;0;0;41516
394;12,138054;50,486138;26,72986061;17,8445034;18,43641236;12,39959524;21,6979939;48210;48210;48210;48210;48210;48210
395;12,141994;54,092278;44,96617647;29,25931973;24,90400219;14,89137466;34,33341923;0;0;0;0;0;0
396;12,157051;48,539801;31,9460243;23,35136735;24,93672115;21,99361905;27,69221696;0;0;0;0;44075;44075
397;12,159361;49,67895;26,6540066;19,11678912;24,58782692;21,86122619;24,26994331;0;0;0;0;17430;21147
398;12,174105;54,161555;10,49584718;8,914285714;11,39915507;9,983394834;10,3608657;0;0;0;0;0;0
399;12,175512;53,78175;8,922930464;6,291138378;7,532063335;6,632896305;7,872379402;0;0;0;0;0;9275
400;12,188324;47,648459;39,44003303;38,08529932;30,39408173;29,47446429;36,0790888;0;0;0;0;0;0
401;12,205199;50,655861;15,62524008;11,30396599;15,44811538;14,23295238;14,62736888;0;0;48210;48210;48210;48210
402;12,211112;50,608136;8,6937787;6,308006803;9,403980769;8,44125;8,384391336;0;0;0;0;0;6606
403;12,244764;51,840576;21,58074074;14,34640816;16,39364598;13,30613365;18,17969225;0;0;0;6125;6125;6268
404;12,297411;51,317905;15,83235506;11,00657823;16,14550193;14,28716667;14,84055745;0;0;0;0;0;56278
405;12,302866;51,651166;14,62030904;10,94051318;15,88976424;13,88346715;14,15147137;0;0;0;0;0;7330
406;12,334686;51,335872;46,44288243;32,91620408;29,06998077;24,07040476;37,59925495;0;57691;57691;57691;57691;57691
407;12,377163;51,344164;49,02042202;36,90507514;31,57233333;27,51368547;40,51016945;0;0;57691;57691;57691;57691
408;12,437621;50,987758;20,39649279;14,04786408;17,17862452;15,3388835;17,93939399;0;0;0;0;0;11271
409;12,463929;53,396348;6,461263508;5,510272109;7,090572557;6,720357143;6,454633361;0;0;0;0;0;0
410;12,468739;50,354783;13,73433389;11,45036785;10,25405039;8,025392857;11,92694514;0;0;17359;17359;17359;17359
411;12,486621;50,720405;29,67539423;19,64663946;23,02856112;18,58613095;25,1264556;0;7675;7675;7675;7675;7675
412;12,493056;51,125;22,56764983;14,17107483;18,11021802;14,31607143;19,12114432;40739;40739;40739;40739;40739;40739
413;12,538174;48,021657;18,5406775;14,26398639;18,30697596;15,54169048;17,38480863;0;0;16330;16330;16330;16330
414;12,542056;50,826001;22,76831252;14,27593324;20,1071078;16,48210714;19,91841007;0;0;0;39082;39082;39082
415;12,548376;52,409309;31,09824842;21,87202721;21,3811063;17,58521429;25,74031205;0;0;0;0;6809;6809
416;12,548869;49,438464;6,71046832;5,573809524;6,897093976;6,441035714;6,512736314;0;0;0;0;0;0
417;12,552303;52,420442;12,79502801;9,60470297;14,03109252;12,44696782;12,44849954;0;0;0;0;0;6809
418;12,561389;52,194225;6,584420908;5,221829932;7,263902791;6,765268176;6,50388472;0;0;0;0;0;0
419;12,59827;51,867471;38,55503066;21,34768027;22,59236058;15,32292363;29,26422275;0;16776;16776;16776;16776;16776
420;12,663663;51,870852;11,77488002;8,471952381;12,93518287;11,24830549;11,37186357;0;0;0;14175;14175;14175
421;12,721938;54,436985;5,059212279;4,609134752;5,480715005;5,907038414;5,154586364;0;0;0;0;0;0
422;12,781387;48,182835;14,40449047;11,55391817;15,88694833;14,97041262;14,26838782;0;0;0;0;0;17329
423;12,809481;52,93189;19,01835262;16,05129252;16,59923077;14,96535714;17,49121735;0;0;4553;4553;4553;4553
424;12,829314;48,177175;23,86646184;16,51589796;21,33325481;18,21605952;21,32507635;17329;17329;17329;17329;17329;17329
425;12,885194;52,608609;10,68793284;7,519653061;12,09728365;10,50728571;10,40280621;0;0;55234;55234;55234;55234
426;12,903367;50,84574;46,11153803;32,55411565;31,81668759;24,83233333;38,09904512;22022;22022;22022;22022;22022;27822
427;12,959368;50,85519;16,54245367;10,49535374;12,49458654;9,765892857;13,78146048;0;22022;22022;22022;43366;43366
428;12,997278;50,570872;21,72974203;14,84841193;17,80280888;11,81479369;18,53974761;0;0;17359;17359;17359;17359
429;13,009406;51,303772;8,825515608;6,827802721;9,161538835;8,861630952;8,528443954;0;0;0;0;0;51112
430;13,031662;53,141303;4,344978966;3,457420269;4,542321249;4,377137546;4,225969147;0;0;0;0;0;0
431;13,037474;52,393932;43,59819857;30,46362585;26,50453102;20,18271429;34,79640823;6809;6809;6809;9206;14211;14211
432;13,059945;52,401352;15,91316515;11,3060957;15,7738677;13,35790049;14,75910351;0;0;0;33030;33030;33030
433;13,08101;54,31923;21,44918666;15,53945578;15,16098901;11,58967391;17,8873325;0;0;0;0;0;0
434;13,094618;52,388869;40,76375344;28,41085714;28,8407696;23,16513095;33,89595585;0;0;0;10405;13297;13297
435;13,123698;52,484168;14,52312948;10,40087755;13,02960558;11,32170238;13,07743989;0;0;0;33030;33030;33030
436;13,225144;52,473192;12,08534483;9,103605442;12,80800193;12,20042857;11,70041604;0;0;0;0;0;0
437;13,26644;53,559784;23,010423;14,30659341;17,05988113;11,86853397;18,87462273;8822;8822;8822;8822;8822;8822
438;13,296081;52,653269;12,21566195;9,307524752;12,23872144;11,50907317;11,59992724;0;0;107937;107937;107937;107937
439;13,31825;52,463611;55,50794403;38,88285021;37,46031371;28,21627879;45,44499844;0;0;0;139651;139651;139651
440;13,332972;52,5066;54,25351539;44,45008163;34,28900433;29,46232143;45,27167357;0;0;0;0;125412;129288
441;13,342138;54,323514;4,378518109;3,796054422;4,59709073;4,444285714;4,325877326;0;0;0;0;0;0
442;13,346826;50,9163;25,84466001;17,79772851;21,84477152;16,03140456;22,42496099;11297;11297;13645;13645;14115;14115
443;13,348775;52,485814;25,86579166;19,57166667;24,24351923;22,26607143;23,93782487;0;0;139651;139651;139651;139651
444;13,349326;52,543041;30,4611198;22,50942955;28,92208418;24,61467405;28,02327072;0;0;0;0;0;107937
445;13,368103;52,398406;13,16218499;9,267435374;15,23231513;12,97171429;12,89507598;0;0;0;0;22452;71650
446;13,38772;52,438115;57,68274136;42,33118448;37,35619231;30,38566667;47,31925935;0;120848;120848;120848;120848;120848
447;13,418833;52,513606;30,15630182;23,02570748;24,90898936;23,46413095;26,91138366;0;0;0;0;114894;114894
448;13,420573;48,947611;4,834200362;4,013163717;4,05919708;3,597400257;4,375497353;0;0;0;0;0;0
449;13,422039;48,573629;37,44125138;28,60842857;29,80588942;25,40652381;32,79470108;0;31769;31769;31769;31769;31769
450;13,424304;52,349703;14,74997525;11,4067551;17,37210577;15,6929881;14,82729895;0;0;0;0;19773;68614
451;13,430844;52,489451;28,22840334;21,2062585;25,9723461;23,42745238;25,89646203;0;0;0;0;0;107617
452;13,433967;52,481709;62,15949059;46,18014286;36,54991827;33,5019881;50,28900214;0;0;0;0;0;104971
453;13,441654;52,467534;58,33312604;44,0905582;39,84141482;32,87628571;48,79300661;0;0;0;120848;120848;120848
454;13,465078;50,659097;7,843163636;6,369965398;8,373602334;7,012154031;7,609705604;0;0;0;0;0;0
455;13,469931;52,514072;50,07373681;32,77914835;36,17921559;29,98808612;41,55839104;0;97033;97033;97033;97033;97033
456;13,483079;52,644169;14,97984567;10,06998599;14,20717391;12,25293898;13,60095944;0;0;0;0;0;35115
457;13,526796;51,462734;11,86716451;8,581517007;13,18163059;11,18082143;11,488929;0;6680;6680;6680;6680;6680
458;13,529504;52,485296;21,53877941;15,26706122;20,47301013;17,10838095;19,66846912;0;0;0;0;0;51638
459;13,582269;52,677651;28,90608313;19,69832653;21,58489423;16,28316667;24,20690199;0;0;0;0;0;0
460;13,64705;52,447697;13,15226992;9,297414966;13,98322471;12,21945238;12,52701845;0;0;0;0;0;0
461;13,675005;51,119514;12,87834211;9,262238095;13,0610625;12,17567857;12,16614491;0;0;0;0;0;0
462;13,730205;51,036105;20,03538526;13,88898639;18,38081435;16,02803571;18,08904482;0;0;9294;9294;34179;52332
463;13,731608;51,026294;51,58363839;37,62903401;28,39764592;22,40294048;40,62603002;9294;9294;9294;9294;9294;27355
464;13,741397;51,06493;35,04708241;26,56529252;24,96938953;21,42133333;29,73436231;100008;100008;100008;100008;100008;100008
465;13,75145;50,731478;7,201668059;5,551088435;7,074546332;5,692059524;6,713232621;0;0;0;0;1879;1879
466;13,822211;52,832467;28,04087125;19,00986395;18,14023786;14,17359524;22,64269277;0;0;3783;3783;5560;5560
467;13,84825;52,481882;22,57096472;15,32482313;16,89637019;12,92660714;18,92114309;0;0;0;0;35884;35884
468;14,015252;52,563835;9,034953116;6,991544218;10,10318422;9,777571429;8,970798667;0;0;0;0;0;5113
469;14,057064;51,897598;6,37156172;5,281227462;6,48414445;6,549563107;6,207636929;0;0;0;0;0;0
470;14,257407;53,520456;6,524783701;5,548474341;7,101092896;6,800369004;6,502282708;0;0;0;0;0;0
471;14,285139;53,064262;9,499509777;5,858639456;8,118902791;6,311071429;8,173633924;0;0;7089;7089;7089;7089
472;14,327998;51,756593;37,32835083;24,8751387;22,81753749;17,97450363;29,65813132;0;0;0;0;9507;9507
473;14,33447;51,746848;14,02551183;9,841013605;14,33201636;12,45982143;13,15232845;0;0;9507;9507;9507;9507
474;14,3764;51,5645;10,40396466;7,73498613;9,259825919;8,323992718;9,425081246;0;0;0;9872;9872;9872
475;14,443771;51,175669;15,68996657;10,60752621;14,2002666;10,5078799;13,87366016;0;0;9251;9251;9251;9295
476;14,52596;52,33468;12,17642956;8,944639456;14,42949783;11,85547619;12,06672833;0;0;0;0;27812;27812
477;14,538595;52,337336;40,55810088;28,34278912;27,07344712;18,9200119;32,9599726;27812;27812;27812;27812;27812;27812
478;14,638166;52,146264;10,0182076;6,956605442;9,613708514;7,824011905;9,129764959;0;0;4229;4229;4229;8653
479;14,749731;51,285356;8,343353881;6,513214286;9,194259715;8,582806804;8,22015753;0;0;0;0;0;0
480;14,822846;50,892377;13,54269295;9,770034106;13,04343674;11,28222884;12,48993845;0;0;0;0;28357;28357
481;14,973958;51,155801;27,56128405;19,76465791;18,5447107;14,39907895;22,67586588;0;0;25493;25493;25493;25493